Shape,.thisRepN,.thisTrialN,.thisN,.thisIndex,resp,rt,P1Key,StrangerKey,P2Key,StrangerShape,P1Shape,P2Shape,corr,Training,Pair Number,P1 Age,P2 Age
P1,0,0,0,0,c,11.39764459,c,v,b,DIAMOND,PENTAGON,STAR,1,Training,7,22,21
P2,0,1,1,1,b,2.697231875,c,v,b,DIAMOND,PENTAGON,STAR,1,Training,7,22,21
P2,0,2,2,1,b,2.480394619,c,v,b,DIAMOND,PENTAGON,STAR,1,Training,7,22,21
P2,1,0,3,1,b,1.839598686,c,v,b,DIAMOND,PENTAGON,STAR,1,Training,7,22,21
Stranger,1,1,4,2,v,2.217465766,c,v,b,DIAMOND,PENTAGON,STAR,1,Training,7,22,21
P1,1,2,5,0,c,1.588047745,c,v,b,DIAMOND,PENTAGON,STAR,1,Training,7,22,21
Stranger,2,0,6,2,v,2.064034508,c,v,b,DIAMOND,PENTAGON,STAR,1,Training,7,22,21
Stranger,2,1,7,2,v,1.688471436,c,v,b,DIAMOND,PENTAGON,STAR,1,Training,7,22,21
P1,2,2,8,0,c,1.224350152,c,v,b,DIAMOND,PENTAGON,STAR,1,Training,7,22,21
P2,3,0,9,1,b,2.058961428,c,v,b,DIAMOND,PENTAGON,STAR,1,Training,7,22,21
Stranger,3,1,10,2,v,1.48422055,c,v,b,DIAMOND,PENTAGON,STAR,1,Training,7,22,21
P1,3,2,11,0,c,1.068117449,c,v,b,DIAMOND,PENTAGON,STAR,1,Training,7,22,21
P2,0,0,0,1,v,21.9241466,b,c,v,PENTAGON,STAR,DIAMOND,1,Training,8,24,18
Stranger,0,1,1,2,c,3.259542325,b,c,v,PENTAGON,STAR,DIAMOND,1,Training,8,24,18
Stranger,0,2,2,2,b,4.548649061,b,c,v,PENTAGON,STAR,DIAMOND,0,Training,8,24,18
Stranger,1,0,3,2,c,2.833784581,b,c,v,PENTAGON,STAR,DIAMOND,1,Training,8,24,18
P1,1,1,4,0,b,2.434901922,b,c,v,PENTAGON,STAR,DIAMOND,1,Training,8,24,18
P2,1,2,5,1,v,2.420828764,b,c,v,PENTAGON,STAR,DIAMOND,1,Training,8,24,18
P1,2,0,6,0,b,1.383424965,b,c,v,PENTAGON,STAR,DIAMOND,1,Training,8,24,18
P1,2,1,7,0,b,1.451327252,b,c,v,PENTAGON,STAR,DIAMOND,1,Training,8,24,18
Stranger,2,2,8,2,c,1.964493178,b,c,v,PENTAGON,STAR,DIAMOND,1,Training,8,24,18
P1,3,0,9,0,b,1.657045186,b,c,v,PENTAGON,STAR,DIAMOND,1,Training,8,24,18
P2,3,1,10,1,v,1.506238507,b,c,v,PENTAGON,STAR,DIAMOND,1,Training,8,24,18
P2,3,2,11,1,v,2.273441775,b,c,v,PENTAGON,STAR,DIAMOND,1,Training,8,24,18
P2,0,0,0,1,b,20.22190994,c,v,b,PENTAGON,TRIANGLE,CIRCLE,1,Training,9,18,21
Stranger,0,1,1,2,v,13.96017139,c,v,b,PENTAGON,TRIANGLE,CIRCLE,1,Training,9,18,21
P1,0,2,2,0,c,4.293705275,c,v,b,PENTAGON,TRIANGLE,CIRCLE,1,Training,9,18,21
P2,1,0,3,1,b,1.677732298,c,v,b,PENTAGON,TRIANGLE,CIRCLE,1,Training,9,18,21
Stranger,1,1,4,2,v,1.909544418,c,v,b,PENTAGON,TRIANGLE,CIRCLE,1,Training,9,18,21
P1,1,2,5,0,c,1.556788886,c,v,b,PENTAGON,TRIANGLE,CIRCLE,1,Training,9,18,21
Stranger,2,0,6,2,v,1.482053141,c,v,b,PENTAGON,TRIANGLE,CIRCLE,1,Training,9,18,21
P1,2,1,7,0,c,1.090007098,c,v,b,PENTAGON,TRIANGLE,CIRCLE,1,Training,9,18,21
Stranger,2,2,8,2,v,1.153843026,c,v,b,PENTAGON,TRIANGLE,CIRCLE,1,Training,9,18,21
P2,3,0,9,1,b,1.071159323,c,v,b,PENTAGON,TRIANGLE,CIRCLE,1,Training,9,18,21
P2,3,1,10,1,b,1.263691197,c,v,b,PENTAGON,TRIANGLE,CIRCLE,1,Training,9,18,21
P1,3,2,11,0,c,1.488227296,c,v,b,PENTAGON,TRIANGLE,CIRCLE,1,Training,9,18,21
P2,0,0,0,1,v,16.05073259,b,c,v,DIAMOND,STAR,PENTAGON,1,Training,10,20,24
P2,0,1,1,1,v,1.956849705,b,c,v,DIAMOND,STAR,PENTAGON,1,Training,10,20,24
P1,0,2,2,0,b,2.841915162,b,c,v,DIAMOND,STAR,PENTAGON,1,Training,10,20,24
Stranger,1,0,3,2,c,3.811670872,b,c,v,DIAMOND,STAR,PENTAGON,1,Training,10,20,24
P1,1,1,4,0,b,1.87032527,b,c,v,DIAMOND,STAR,PENTAGON,1,Training,10,20,24
P1,1,2,5,0,b,1.302949025,b,c,v,DIAMOND,STAR,PENTAGON,1,Training,10,20,24
Stranger,2,0,6,2,c,1.406146134,b,c,v,DIAMOND,STAR,PENTAGON,1,Training,10,20,24
Stranger,2,1,7,2,c,1.417391267,b,c,v,DIAMOND,STAR,PENTAGON,1,Training,10,20,24
P1,2,2,8,0,b,1.443943108,b,c,v,DIAMOND,STAR,PENTAGON,1,Training,10,20,24
P2,3,0,9,1,v,1.253890337,b,c,v,DIAMOND,STAR,PENTAGON,1,Training,10,20,24
Stranger,3,1,10,2,c,1.479123429,b,c,v,DIAMOND,STAR,PENTAGON,1,Training,10,20,24
P2,3,2,11,1,v,2.03958102,b,c,v,DIAMOND,STAR,PENTAGON,1,Training,10,20,24
Stranger,0,0,0,2,b,15.4692265,v,b,c,PENTAGON,STAR,CIRCLE,1,Training,11,32,26
P1,0,1,1,0,v,3.406522367,v,b,c,PENTAGON,STAR,CIRCLE,1,Training,11,32,26
P2,0,2,2,1,c,2.249736775,v,b,c,PENTAGON,STAR,CIRCLE,1,Training,11,32,26
Stranger,1,0,3,2,b,2.234905391,v,b,c,PENTAGON,STAR,CIRCLE,1,Training,11,32,26
Stranger,1,1,4,2,b,14.9944635,v,b,c,PENTAGON,STAR,CIRCLE,1,Training,11,32,26
P1,1,2,5,0,v,2.782601469,v,b,c,PENTAGON,STAR,CIRCLE,1,Training,11,32,26
P1,2,0,6,0,c,2.23447902,v,b,c,PENTAGON,STAR,CIRCLE,0,Training,11,32,26
P1,2,1,7,0,v,2.396270914,v,b,c,PENTAGON,STAR,CIRCLE,1,Training,11,32,26
P2,2,2,8,1,c,0.75969036,v,b,c,PENTAGON,STAR,CIRCLE,1,Training,11,32,26
Stranger,3,0,9,2,b,0.684906911,v,b,c,PENTAGON,STAR,CIRCLE,1,Training,11,32,26
P2,3,1,10,1,c,0.948839857,v,b,c,PENTAGON,STAR,CIRCLE,1,Training,11,32,26
P2,3,2,11,1,c,0.642106003,v,b,c,PENTAGON,STAR,CIRCLE,1,Training,11,32,26
P1,0,0,0,0,v,19.60338779,v,b,c,DIAMOND,STAR,CIRCLE,1,Training,12,24,21
P2,0,1,1,1,c,1.735529483,v,b,c,DIAMOND,STAR,CIRCLE,1,Training,12,24,21
P1,0,2,2,0,v,1.013459256,v,b,c,DIAMOND,STAR,CIRCLE,1,Training,12,24,21
P2,1,0,3,1,c,1.247414308,v,b,c,DIAMOND,STAR,CIRCLE,1,Training,12,24,21
Stranger,1,1,4,2,b,1.752561215,v,b,c,DIAMOND,STAR,CIRCLE,1,Training,12,24,21
P2,1,2,5,1,c,1.869819635,v,b,c,DIAMOND,STAR,CIRCLE,1,Training,12,24,21
P1,2,0,6,0,v,1.126412073,v,b,c,DIAMOND,STAR,CIRCLE,1,Training,12,24,21
Stranger,2,1,7,2,b,0.853072549,v,b,c,DIAMOND,STAR,CIRCLE,1,Training,12,24,21
P2,2,2,8,1,c,1.174302738,v,b,c,DIAMOND,STAR,CIRCLE,1,Training,12,24,21
Stranger,3,0,9,2,b,1.186854761,v,b,c,DIAMOND,STAR,CIRCLE,1,Training,12,24,21
Stranger,3,1,10,2,b,1.534709737,v,b,c,DIAMOND,STAR,CIRCLE,1,Training,12,24,21
P1,3,2,11,0,v,1.228651413,v,b,c,DIAMOND,STAR,CIRCLE,1,Training,12,24,21
P2,0,0,0,1,b,22.33568116,c,b,v,PENTAGON,STAR,DIAMOND,0,Training,13,21,18
P1,0,1,1,0,c,2.830532677,c,b,v,PENTAGON,STAR,DIAMOND,1,Training,13,21,18
P2,0,2,2,1,v,14.87103954,c,b,v,PENTAGON,STAR,DIAMOND,1,Training,13,21,18
Stranger,1,0,3,2,b,6.624177944,c,b,v,PENTAGON,STAR,DIAMOND,1,Training,13,21,18
P1,1,1,4,0,c,2.009912048,c,b,v,PENTAGON,STAR,DIAMOND,1,Training,13,21,18
Stranger,1,2,5,2,b,2.877038806,c,b,v,PENTAGON,STAR,DIAMOND,1,Training,13,21,18
Stranger,2,0,6,2,b,1.90965417,c,b,v,PENTAGON,STAR,DIAMOND,1,Training,13,21,18
Stranger,2,1,7,2,b,1.644884796,c,b,v,PENTAGON,STAR,DIAMOND,1,Training,13,21,18
P2,2,2,8,1,v,2.502648266,c,b,v,PENTAGON,STAR,DIAMOND,1,Training,13,21,18
P1,3,0,9,0,c,1.653954752,c,b,v,PENTAGON,STAR,DIAMOND,1,Training,13,21,18
P2,3,1,10,1,v,2.519052278,c,b,v,PENTAGON,STAR,DIAMOND,1,Training,13,21,18
P1,3,2,11,0,c,1.605692983,c,b,v,PENTAGON,STAR,DIAMOND,1,Training,13,21,18
P2,0,0,0,1,c,5.117521981,v,b,c,STAR,TRIANGLE,CIRCLE,1,Training,14,25,24
P1,0,1,1,0,v,3.980084145,v,b,c,STAR,TRIANGLE,CIRCLE,1,Training,14,25,24
Stranger,0,2,2,2,b,3.607903966,v,b,c,STAR,TRIANGLE,CIRCLE,1,Training,14,25,24
P1,1,0,3,0,v,3.314346151,v,b,c,STAR,TRIANGLE,CIRCLE,1,Training,14,25,24
Stranger,1,1,4,2,b,2.073060201,v,b,c,STAR,TRIANGLE,CIRCLE,1,Training,14,25,24
Stranger,1,2,5,2,b,1.673662963,v,b,c,STAR,TRIANGLE,CIRCLE,1,Training,14,25,24
P2,2,0,6,1,c,1.330243462,v,b,c,STAR,TRIANGLE,CIRCLE,1,Training,14,25,24
P1,2,1,7,0,v,1.328137664,v,b,c,STAR,TRIANGLE,CIRCLE,1,Training,14,25,24
P1,2,2,8,0,v,1.446825058,v,b,c,STAR,TRIANGLE,CIRCLE,1,Training,14,25,24
Stranger,3,0,9,2,b,2.751871195,v,b,c,STAR,TRIANGLE,CIRCLE,1,Training,14,25,24
P2,3,1,10,1,c,1.07731917,v,b,c,STAR,TRIANGLE,CIRCLE,1,Training,14,25,24
P2,3,2,11,1,c,0.981966888,v,b,c,STAR,TRIANGLE,CIRCLE,1,Training,14,25,24
P2,0,0,0,1,c,37.33193513,v,b,c,STAR,CIRCLE,PENTAGON,1,Training,15,23,20
P1,0,1,1,0,v,3.739982953,v,b,c,STAR,CIRCLE,PENTAGON,1,Training,15,23,20
P2,0,2,2,1,c,1.689999278,v,b,c,STAR,CIRCLE,PENTAGON,1,Training,15,23,20
P2,1,0,3,1,c,1.289904844,v,b,c,STAR,CIRCLE,PENTAGON,1,Training,15,23,20
P1,1,1,4,0,v,1.809101988,v,b,c,STAR,CIRCLE,PENTAGON,1,Training,15,23,20
Stranger,1,2,5,2,b,2.484232377,v,b,c,STAR,CIRCLE,PENTAGON,1,Training,15,23,20
Stranger,2,0,6,2,b,1.732179974,v,b,c,STAR,CIRCLE,PENTAGON,1,Training,15,23,20
P1,2,1,7,0,v,2.281955794,v,b,c,STAR,CIRCLE,PENTAGON,1,Training,15,23,20
Stranger,2,2,8,2,b,1.801968569,v,b,c,STAR,CIRCLE,PENTAGON,1,Training,15,23,20
Stranger,3,0,9,2,b,1.797044382,v,b,c,STAR,CIRCLE,PENTAGON,1,Training,15,23,20
P1,3,1,10,0,v,2.36819993,v,b,c,STAR,CIRCLE,PENTAGON,1,Training,15,23,20
P2,3,2,11,1,c,1.25283349,v,b,c,STAR,CIRCLE,PENTAGON,1,Training,15,23,20
P1,0,0,0,0,b,36.16693716,b,v,c,PENTAGON,TRIANGLE,STAR,1,Training,16,19,27
P1,0,1,1,0,b,3.277514827,b,v,c,PENTAGON,TRIANGLE,STAR,1,Training,16,19,27
Stranger,0,2,2,2,v,1.958239752,b,v,c,PENTAGON,TRIANGLE,STAR,1,Training,16,19,27
Stranger,1,0,3,2,v,1.794797251,b,v,c,PENTAGON,TRIANGLE,STAR,1,Training,16,19,27
Stranger,1,1,4,2,v,1.782659898,b,v,c,PENTAGON,TRIANGLE,STAR,1,Training,16,19,27
Stranger,1,2,5,2,v,1.274555104,b,v,c,PENTAGON,TRIANGLE,STAR,1,Training,16,19,27
P2,2,0,6,1,c,2.762931962,b,v,c,PENTAGON,TRIANGLE,STAR,1,Training,16,19,27
P1,2,1,7,0,b,1.167589746,b,v,c,PENTAGON,TRIANGLE,STAR,1,Training,16,19,27
P2,2,2,8,1,c,1.540154449,b,v,c,PENTAGON,TRIANGLE,STAR,1,Training,16,19,27
P2,3,0,9,1,c,3.017903622,b,v,c,PENTAGON,TRIANGLE,STAR,1,Training,16,19,27
P2,3,1,10,1,c,1.652546558,b,v,c,PENTAGON,TRIANGLE,STAR,1,Training,16,19,27
P1,3,2,11,0,b,1.557712632,b,v,c,PENTAGON,TRIANGLE,STAR,1,Training,16,19,27
Stranger,0,0,0,2,c,28.08027681,b,c,v,STAR,CIRCLE,PENTAGON,1,Training,17,22,21
P1,0,1,1,0,b,4.241549737,b,c,v,STAR,CIRCLE,PENTAGON,1,Training,17,22,21
P2,0,2,2,1,v,3.099390919,b,c,v,STAR,CIRCLE,PENTAGON,1,Training,17,22,21
Stranger,1,0,3,2,c,3.242597507,b,c,v,STAR,CIRCLE,PENTAGON,1,Training,17,22,21
P1,1,1,4,0,b,3.603624243,b,c,v,STAR,CIRCLE,PENTAGON,1,Training,17,22,21
P2,1,2,5,1,v,1.982967219,b,c,v,STAR,CIRCLE,PENTAGON,1,Training,17,22,21
P2,2,0,6,1,v,1.754836759,b,c,v,STAR,CIRCLE,PENTAGON,1,Training,17,22,21
P2,2,1,7,1,v,1.208064515,b,c,v,STAR,CIRCLE,PENTAGON,1,Training,17,22,21
Stranger,2,2,8,2,c,2.603205372,b,c,v,STAR,CIRCLE,PENTAGON,1,Training,17,22,21
Stranger,3,0,9,2,c,4.206202689,b,c,v,STAR,CIRCLE,PENTAGON,1,Training,17,22,21
P1,3,1,10,0,b,2.857464554,b,c,v,STAR,CIRCLE,PENTAGON,1,Training,17,22,21
P1,3,2,11,0,b,2.418667129,b,c,v,STAR,CIRCLE,PENTAGON,1,Training,17,22,21
P1,0,0,0,0,b,24.2179678,b,c,v,TRIANGLE,PENTAGON,DIAMOND,1,Training,18,24,22
P1,0,1,1,0,b,1.990062764,b,c,v,TRIANGLE,PENTAGON,DIAMOND,1,Training,18,24,22
Stranger,0,2,2,2,c,2.481894182,b,c,v,TRIANGLE,PENTAGON,DIAMOND,1,Training,18,24,22
Stranger,1,0,3,2,c,1.46511762,b,c,v,TRIANGLE,PENTAGON,DIAMOND,1,Training,18,24,22
P2,1,1,4,1,v,1.977674282,b,c,v,TRIANGLE,PENTAGON,DIAMOND,1,Training,18,24,22
Stranger,1,2,5,2,c,2.23019126,b,c,v,TRIANGLE,PENTAGON,DIAMOND,1,Training,18,24,22
P1,2,0,6,0,b,1.464131042,b,c,v,TRIANGLE,PENTAGON,DIAMOND,1,Training,18,24,22
P2,2,1,7,1,v,1.688743142,b,c,v,TRIANGLE,PENTAGON,DIAMOND,1,Training,18,24,22
Stranger,2,2,8,2,c,1.544632882,b,c,v,TRIANGLE,PENTAGON,DIAMOND,1,Training,18,24,22
P2,3,0,9,1,v,1.654480975,b,c,v,TRIANGLE,PENTAGON,DIAMOND,1,Training,18,24,22
P2,3,1,10,1,v,1.839664303,b,c,v,TRIANGLE,PENTAGON,DIAMOND,1,Training,18,24,22
P1,3,2,11,0,b,0.993677453,b,c,v,TRIANGLE,PENTAGON,DIAMOND,1,Training,18,24,22
P1,0,0,0,0,b,24.6138098,b,c,v,STAR,DIAMOND,PENTAGON,1,Training,19,19,25
P2,0,1,1,1,v,2.889659605,b,c,v,STAR,DIAMOND,PENTAGON,1,Training,19,19,25
P2,0,2,2,1,v,2.129540963,b,c,v,STAR,DIAMOND,PENTAGON,1,Training,19,19,25
P2,1,0,3,1,v,1.663459663,b,c,v,STAR,DIAMOND,PENTAGON,1,Training,19,19,25
P1,1,1,4,0,b,1.487407412,b,c,v,STAR,DIAMOND,PENTAGON,1,Training,19,19,25
Stranger,1,2,5,2,c,2.391142828,b,c,v,STAR,DIAMOND,PENTAGON,1,Training,19,19,25
Stranger,2,0,6,2,c,1.699067271,b,c,v,STAR,DIAMOND,PENTAGON,1,Training,19,19,25
Stranger,2,1,7,2,c,0.722412335,b,c,v,STAR,DIAMOND,PENTAGON,1,Training,19,19,25
P1,2,2,8,0,b,2.568897409,b,c,v,STAR,DIAMOND,PENTAGON,1,Training,19,19,25
Stranger,3,0,9,2,c,1.70944983,b,c,v,STAR,DIAMOND,PENTAGON,1,Training,19,19,25
P1,3,1,10,0,b,2.348567982,b,c,v,STAR,DIAMOND,PENTAGON,1,Training,19,19,25
P2,3,2,11,1,v,1.417825438,b,c,v,STAR,DIAMOND,PENTAGON,1,Training,19,19,25
Stranger,0,0,0,2,b,31.72712533,c,b,v,DIAMOND,CIRCLE,TRIANGLE,1,Training,20,29,19
P2,0,1,1,1,v,3.558762384,c,b,v,DIAMOND,CIRCLE,TRIANGLE,1,Training,20,29,19
Stranger,0,2,2,2,b,2.107923101,c,b,v,DIAMOND,CIRCLE,TRIANGLE,1,Training,20,29,19
P1,1,0,3,0,c,2.29911512,c,b,v,DIAMOND,CIRCLE,TRIANGLE,1,Training,20,29,19
Stranger,1,1,4,2,b,3.289574252,c,b,v,DIAMOND,CIRCLE,TRIANGLE,1,Training,20,29,19
P1,1,2,5,0,c,2.313424251,c,b,v,DIAMOND,CIRCLE,TRIANGLE,1,Training,20,29,19
P1,2,0,6,0,c,2.064017816,c,b,v,DIAMOND,CIRCLE,TRIANGLE,1,Training,20,29,19
P2,2,1,7,1,v,1.960598863,c,b,v,DIAMOND,CIRCLE,TRIANGLE,1,Training,20,29,19
P1,2,2,8,0,c,1.429808867,c,b,v,DIAMOND,CIRCLE,TRIANGLE,1,Training,20,29,19
P2,3,0,9,1,v,1.98360125,c,b,v,DIAMOND,CIRCLE,TRIANGLE,1,Training,20,29,19
P2,3,1,10,1,v,2.019495081,c,b,v,DIAMOND,CIRCLE,TRIANGLE,1,Training,20,29,19
Stranger,3,2,11,2,b,2.00602685,c,b,v,DIAMOND,CIRCLE,TRIANGLE,1,Training,20,29,19
P1,0,0,0,0,c,21.96236209,c,b,v,DIAMOND,STAR,PENTAGON,1,Training,21,21,26
P1,0,1,1,0,c,2.911821974,c,b,v,DIAMOND,STAR,PENTAGON,1,Training,21,21,26
P1,0,2,2,0,c,1.543146841,c,b,v,DIAMOND,STAR,PENTAGON,1,Training,21,21,26
P2,1,0,3,1,v,2.005012282,c,b,v,DIAMOND,STAR,PENTAGON,1,Training,21,21,26
Stranger,1,1,4,2,b,2.639450481,c,b,v,DIAMOND,STAR,PENTAGON,1,Training,21,21,26
Stranger,1,2,5,2,b,1.713385193,c,b,v,DIAMOND,STAR,PENTAGON,1,Training,21,21,26
P2,2,0,6,1,v,1.43195993,c,b,v,DIAMOND,STAR,PENTAGON,1,Training,21,21,26
P2,2,1,7,1,v,1.433856907,c,b,v,DIAMOND,STAR,PENTAGON,1,Training,21,21,26
Stranger,2,2,8,2,b,2.203725022,c,b,v,DIAMOND,STAR,PENTAGON,1,Training,21,21,26
P2,3,0,9,1,v,1.422901028,c,b,v,DIAMOND,STAR,PENTAGON,1,Training,21,21,26
P1,3,1,10,0,c,2.201427332,c,b,v,DIAMOND,STAR,PENTAGON,1,Training,21,21,26
Stranger,3,2,11,2,b,1.828649518,c,b,v,DIAMOND,STAR,PENTAGON,1,Training,21,21,26
P2,0,0,0,1,c,28.58854123,v,b,c,STAR,PENTAGON,CIRCLE,1,Training,22,28,26
Stranger,0,1,1,2,b,2.457822373,v,b,c,STAR,PENTAGON,CIRCLE,1,Training,22,28,26
Stranger,0,2,2,2,b,2.435045231,v,b,c,STAR,PENTAGON,CIRCLE,1,Training,22,28,26
P1,1,0,3,0,v,1.692915217,v,b,c,STAR,PENTAGON,CIRCLE,1,Training,22,28,26
P2,1,1,4,1,c,1.524085484,v,b,c,STAR,PENTAGON,CIRCLE,1,Training,22,28,26
P2,1,2,5,1,c,1.506686201,v,b,c,STAR,PENTAGON,CIRCLE,1,Training,22,28,26
Stranger,2,0,6,2,b,1.377944854,v,b,c,STAR,PENTAGON,CIRCLE,1,Training,22,28,26
P1,2,1,7,0,v,1.534454701,v,b,c,STAR,PENTAGON,CIRCLE,1,Training,22,28,26
Stranger,2,2,8,2,b,1.284400417,v,b,c,STAR,PENTAGON,CIRCLE,1,Training,22,28,26
P2,3,0,9,1,c,1.452288571,v,b,c,STAR,PENTAGON,CIRCLE,1,Training,22,28,26
P1,3,1,10,0,v,1.037586193,v,b,c,STAR,PENTAGON,CIRCLE,1,Training,22,28,26
P1,3,2,11,0,v,1.015453352,v,b,c,STAR,PENTAGON,CIRCLE,1,Training,22,28,26
P1,0,0,0,0,v,12.62017594,v,b,c,DIAMOND,PENTAGON,CIRCLE,1,Training,23,27,18
Stranger,0,1,1,2,b,2.239129594,v,b,c,DIAMOND,PENTAGON,CIRCLE,1,Training,23,27,18
P1,0,2,2,0,v,1.529044863,v,b,c,DIAMOND,PENTAGON,CIRCLE,1,Training,23,27,18
P1,1,0,3,0,v,1.686926219,v,b,c,DIAMOND,PENTAGON,CIRCLE,1,Training,23,27,18
P2,1,1,4,1,c,1.494844408,v,b,c,DIAMOND,PENTAGON,CIRCLE,1,Training,23,27,18
Stranger,1,2,5,2,b,2.806570369,v,b,c,DIAMOND,PENTAGON,CIRCLE,1,Training,23,27,18
Stranger,2,0,6,2,b,1.337875813,v,b,c,DIAMOND,PENTAGON,CIRCLE,1,Training,23,27,18
Stranger,2,1,7,2,b,1.271767066,v,b,c,DIAMOND,PENTAGON,CIRCLE,1,Training,23,27,18
P2,2,2,8,1,c,1.3603387,v,b,c,DIAMOND,PENTAGON,CIRCLE,1,Training,23,27,18
P2,3,0,9,1,c,1.125821069,v,b,c,DIAMOND,PENTAGON,CIRCLE,1,Training,23,27,18
P2,3,1,10,1,c,1.060280034,v,b,c,DIAMOND,PENTAGON,CIRCLE,1,Training,23,27,18
P1,3,2,11,0,v,1.549440224,v,b,c,DIAMOND,PENTAGON,CIRCLE,1,Training,23,27,18
Stranger,0,0,0,2,b,4.965593069,v,b,c,DIAMOND,CIRCLE,STAR,1,Training,24,21,19
Stranger,0,1,1,2,b,9.090042235,v,b,c,DIAMOND,CIRCLE,STAR,1,Training,24,21,19
P1,0,2,2,0,v,4.073978929,v,b,c,DIAMOND,CIRCLE,STAR,1,Training,24,21,19
P2,1,0,3,1,c,1.962698452,v,b,c,DIAMOND,CIRCLE,STAR,1,Training,24,21,19
P2,1,1,4,1,c,1.838433654,v,b,c,DIAMOND,CIRCLE,STAR,1,Training,24,21,19
P1,1,2,5,0,v,2.816370691,v,b,c,DIAMOND,CIRCLE,STAR,1,Training,24,21,19
P2,2,0,6,1,c,1.658862019,v,b,c,DIAMOND,CIRCLE,STAR,1,Training,24,21,19
P1,2,1,7,0,v,1.468113817,v,b,c,DIAMOND,CIRCLE,STAR,1,Training,24,21,19
P2,2,2,8,1,c,1.412687753,v,b,c,DIAMOND,CIRCLE,STAR,1,Training,24,21,19
Stranger,3,0,9,2,b,2.279197845,v,b,c,DIAMOND,CIRCLE,STAR,1,Training,24,21,19
Stranger,3,1,10,2,b,1.511122481,v,b,c,DIAMOND,CIRCLE,STAR,1,Training,24,21,19
P1,3,2,11,0,v,2.574280945,v,b,c,DIAMOND,CIRCLE,STAR,1,Training,24,21,19
Stranger,0,0,0,2,v,19.28854653,b,v,c,DIAMOND,TRIANGLE,STAR,1,Training,25,21,19
P2,0,1,1,1,c,3.273206479,b,v,c,DIAMOND,TRIANGLE,STAR,1,Training,25,21,19
P1,0,2,2,0,b,2.633714545,b,v,c,DIAMOND,TRIANGLE,STAR,1,Training,25,21,19
P1,1,0,3,0,b,1.802892485,b,v,c,DIAMOND,TRIANGLE,STAR,1,Training,25,21,19
P2,1,1,4,1,c,2.310134948,b,v,c,DIAMOND,TRIANGLE,STAR,1,Training,25,21,19
P1,1,2,5,0,b,2.285345155,b,v,c,DIAMOND,TRIANGLE,STAR,1,Training,25,21,19
Stranger,2,0,6,2,v,2.581111245,b,v,c,DIAMOND,TRIANGLE,STAR,1,Training,25,21,19
Stranger,2,1,7,2,v,3.104968934,b,v,c,DIAMOND,TRIANGLE,STAR,1,Training,25,21,19
P2,2,2,8,1,c,1.920197886,b,v,c,DIAMOND,TRIANGLE,STAR,1,Training,25,21,19
Stranger,3,0,9,2,v,1.726783652,b,v,c,DIAMOND,TRIANGLE,STAR,1,Training,25,21,19
P1,3,1,10,0,b,1.477345243,b,v,c,DIAMOND,TRIANGLE,STAR,1,Training,25,21,19
P2,3,2,11,1,c,2.093841715,b,v,c,DIAMOND,TRIANGLE,STAR,1,Training,25,21,19
Stranger,0,0,0,2,b,17.90743583,v,b,c,CIRCLE,PENTAGON,DIAMOND,1,Training,26,23,25
Stranger,0,1,1,2,b,2.20335905,v,b,c,CIRCLE,PENTAGON,DIAMOND,1,Training,26,23,25
P1,0,2,2,0,v,2.286572564,v,b,c,CIRCLE,PENTAGON,DIAMOND,1,Training,26,23,25
P2,1,0,3,1,c,2.454476115,v,b,c,CIRCLE,PENTAGON,DIAMOND,1,Training,26,23,25
P1,1,1,4,0,v,1.686950301,v,b,c,CIRCLE,PENTAGON,DIAMOND,1,Training,26,23,25
P1,1,2,5,0,v,1.406916681,v,b,c,CIRCLE,PENTAGON,DIAMOND,1,Training,26,23,25
P2,2,0,6,1,c,1.202107559,v,b,c,CIRCLE,PENTAGON,DIAMOND,1,Training,26,23,25
P2,2,1,7,1,c,1.381375993,v,b,c,CIRCLE,PENTAGON,DIAMOND,1,Training,26,23,25
Stranger,2,2,8,2,b,1.761255329,v,b,c,CIRCLE,PENTAGON,DIAMOND,1,Training,26,23,25
P1,3,0,9,0,v,1.518467196,v,b,c,CIRCLE,PENTAGON,DIAMOND,1,Training,26,23,25
P2,3,1,10,1,c,1.877063678,v,b,c,CIRCLE,PENTAGON,DIAMOND,1,Training,26,23,25
Stranger,3,2,11,2,b,1.909547971,v,b,c,CIRCLE,PENTAGON,DIAMOND,1,Training,26,23,25
P2,0,0,0,1,c,12.63276493,v,b,c,CIRCLE,TRIANGLE,STAR,1,Training,27,21,29
Stranger,0,1,1,2,b,3.251216045,v,b,c,CIRCLE,TRIANGLE,STAR,1,Training,27,21,29
Stranger,0,2,2,2,b,1.772518197,v,b,c,CIRCLE,TRIANGLE,STAR,1,Training,27,21,29
P1,1,0,3,0,v,2.016267227,v,b,c,CIRCLE,TRIANGLE,STAR,1,Training,27,21,29
P1,1,1,4,0,v,3.362756992,v,b,c,CIRCLE,TRIANGLE,STAR,1,Training,27,21,29
P1,1,2,5,0,v,1.695407079,v,b,c,CIRCLE,TRIANGLE,STAR,1,Training,27,21,29
P2,2,0,6,1,c,1.462630778,v,b,c,CIRCLE,TRIANGLE,STAR,1,Training,27,21,29
P2,2,1,7,1,c,1.391258295,v,b,c,CIRCLE,TRIANGLE,STAR,1,Training,27,21,29
Stranger,2,2,8,2,b,1.523122913,v,b,c,CIRCLE,TRIANGLE,STAR,1,Training,27,21,29
P1,3,0,9,0,v,2.129618671,v,b,c,CIRCLE,TRIANGLE,STAR,1,Training,27,21,29
P2,3,1,10,1,c,1.343676903,v,b,c,CIRCLE,TRIANGLE,STAR,1,Training,27,21,29
Stranger,3,2,11,2,b,2.021359988,v,b,c,CIRCLE,TRIANGLE,STAR,1,Training,27,21,29
P1,0,0,0,0,b,17.3473923,b,c,v,DIAMOND,TRIANGLE,PENTAGON,1,Training,28,22,22
Stranger,0,1,1,2,c,4.321311742,b,c,v,DIAMOND,TRIANGLE,PENTAGON,1,Training,28,22,22
Stranger,0,2,2,2,c,2.287956406,b,c,v,DIAMOND,TRIANGLE,PENTAGON,1,Training,28,22,22
P2,1,0,3,1,v,3.462969967,b,c,v,DIAMOND,TRIANGLE,PENTAGON,1,Training,28,22,22
P1,1,1,4,0,b,1.983591381,b,c,v,DIAMOND,TRIANGLE,PENTAGON,1,Training,28,22,22
P2,1,2,5,1,v,2.971367526,b,c,v,DIAMOND,TRIANGLE,PENTAGON,1,Training,28,22,22
Stranger,2,0,6,2,c,6.287545036,b,c,v,DIAMOND,TRIANGLE,PENTAGON,1,Training,28,22,22
P2,2,1,7,1,v,2.639611243,b,c,v,DIAMOND,TRIANGLE,PENTAGON,1,Training,28,22,22
P2,2,2,8,1,v,1.689459289,b,c,v,DIAMOND,TRIANGLE,PENTAGON,1,Training,28,22,22
P1,3,0,9,0,b,1.96900037,b,c,v,DIAMOND,TRIANGLE,PENTAGON,1,Training,28,22,22
P1,3,1,10,0,b,1.765198788,b,c,v,DIAMOND,TRIANGLE,PENTAGON,1,Training,28,22,22
Stranger,3,2,11,2,c,1.905787529,b,c,v,DIAMOND,TRIANGLE,PENTAGON,1,Training,28,22,22
Stranger,0,0,0,2,c,15.56682121,v,c,b,TRIANGLE,CIRCLE,STAR,1,Training,29,21,22
Stranger,0,1,1,2,c,2.996045003,v,c,b,TRIANGLE,CIRCLE,STAR,1,Training,29,21,22
P1,0,2,2,0,v,3.343148317,v,c,b,TRIANGLE,CIRCLE,STAR,1,Training,29,21,22
P1,1,0,3,0,v,2.453118005,v,c,b,TRIANGLE,CIRCLE,STAR,1,Training,29,21,22
P1,1,1,4,0,v,1.933582656,v,c,b,TRIANGLE,CIRCLE,STAR,1,Training,29,21,22
Stranger,1,2,5,2,c,2.067439848,v,c,b,TRIANGLE,CIRCLE,STAR,1,Training,29,21,22
Stranger,2,0,6,2,c,2.132047874,v,c,b,TRIANGLE,CIRCLE,STAR,1,Training,29,21,22
P2,2,1,7,1,b,2.673806296,v,c,b,TRIANGLE,CIRCLE,STAR,1,Training,29,21,22
P2,2,2,8,1,b,1.626406732,v,c,b,TRIANGLE,CIRCLE,STAR,1,Training,29,21,22
P1,3,0,9,0,v,2.324882609,v,c,b,TRIANGLE,CIRCLE,STAR,1,Training,29,21,22
P2,3,1,10,1,b,1.387483527,v,c,b,TRIANGLE,CIRCLE,STAR,1,Training,29,21,22
P2,3,2,11,1,b,1.351435335,v,c,b,TRIANGLE,CIRCLE,STAR,1,Training,29,21,22
Stranger,0,0,0,2,b,13.9662679,v,b,c,CIRCLE,TRIANGLE,PENTAGON,1,Training,30,18,18
Stranger,0,1,1,2,b,2.379441198,v,b,c,CIRCLE,TRIANGLE,PENTAGON,1,Training,30,18,18
P1,0,2,2,0,v,2.951190847,v,b,c,CIRCLE,TRIANGLE,PENTAGON,1,Training,30,18,18
P1,1,0,3,0,v,2.643666689,v,b,c,CIRCLE,TRIANGLE,PENTAGON,1,Training,30,18,18
Stranger,1,1,4,2,b,2.245606375,v,b,c,CIRCLE,TRIANGLE,PENTAGON,1,Training,30,18,18
P2,1,2,5,1,c,2.494736651,v,b,c,CIRCLE,TRIANGLE,PENTAGON,1,Training,30,18,18
P1,2,0,6,0,v,1.878676093,v,b,c,CIRCLE,TRIANGLE,PENTAGON,1,Training,30,18,18
P2,2,1,7,1,c,1.462595954,v,b,c,CIRCLE,TRIANGLE,PENTAGON,1,Training,30,18,18
P2,2,2,8,1,c,1.183133517,v,b,c,CIRCLE,TRIANGLE,PENTAGON,1,Training,30,18,18
Stranger,3,0,9,2,b,1.123085068,v,b,c,CIRCLE,TRIANGLE,PENTAGON,1,Training,30,18,18
P2,3,1,10,1,c,1.345640801,v,b,c,CIRCLE,TRIANGLE,PENTAGON,1,Training,30,18,18
P1,3,2,11,0,v,0.934908496,v,b,c,CIRCLE,TRIANGLE,PENTAGON,1,Training,30,18,18
Stranger,0,0,0,2,v,4.471739306,b,v,c,DIAMOND,STAR,TRIANGLE,1,Training,31,20,22
P1,0,1,1,0,b,5.560042922,b,v,c,DIAMOND,STAR,TRIANGLE,1,Training,31,20,22
P2,0,2,2,1,c,1.605497934,b,v,c,DIAMOND,STAR,TRIANGLE,1,Training,31,20,22
P1,1,0,3,0,b,4.503718138,b,v,c,DIAMOND,STAR,TRIANGLE,1,Training,31,20,22
P1,1,1,4,0,b,1.807119892,b,v,c,DIAMOND,STAR,TRIANGLE,1,Training,31,20,22
P1,1,2,5,0,b,1.178414584,b,v,c,DIAMOND,STAR,TRIANGLE,1,Training,31,20,22
P2,2,0,6,1,c,1.982865296,b,v,c,DIAMOND,STAR,TRIANGLE,1,Training,31,20,22
P2,2,1,7,1,c,2.043103244,b,v,c,DIAMOND,STAR,TRIANGLE,1,Training,31,20,22
Stranger,2,2,8,2,v,3.323811246,b,v,c,DIAMOND,STAR,TRIANGLE,1,Training,31,20,22
Stranger,3,0,9,2,v,2.754344671,b,v,c,DIAMOND,STAR,TRIANGLE,1,Training,31,20,22
P2,3,1,10,1,c,1.351587137,b,v,c,DIAMOND,STAR,TRIANGLE,1,Training,31,20,22
Stranger,3,2,11,2,v,2.188788103,b,v,c,DIAMOND,STAR,TRIANGLE,1,Training,31,20,22
P2,0,0,0,1,b,30.69368662,v,c,b,CIRCLE,TRIANGLE,PENTAGON,1,Training,32,24,21
Stranger,0,1,1,2,c,4.022741656,v,c,b,CIRCLE,TRIANGLE,PENTAGON,1,Training,32,24,21
P1,0,2,2,0,v,1.857305735,v,c,b,CIRCLE,TRIANGLE,PENTAGON,1,Training,32,24,21
P1,1,0,3,0,v,3.217649546,v,c,b,CIRCLE,TRIANGLE,PENTAGON,1,Training,32,24,21
Stranger,1,1,4,2,c,2.972214557,v,c,b,CIRCLE,TRIANGLE,PENTAGON,1,Training,32,24,21
P2,1,2,5,1,b,0.880884337,v,c,b,CIRCLE,TRIANGLE,PENTAGON,1,Training,32,24,21
Stranger,2,0,6,2,c,1.176820369,v,c,b,CIRCLE,TRIANGLE,PENTAGON,1,Training,32,24,21
P1,2,1,7,0,v,1.30139474,v,c,b,CIRCLE,TRIANGLE,PENTAGON,1,Training,32,24,21
P1,2,2,8,0,v,1.540619348,v,c,b,CIRCLE,TRIANGLE,PENTAGON,1,Training,32,24,21
P2,3,0,9,1,b,1.05051565,v,c,b,CIRCLE,TRIANGLE,PENTAGON,1,Training,32,24,21
Stranger,3,1,10,2,c,1.139757846,v,c,b,CIRCLE,TRIANGLE,PENTAGON,1,Training,32,24,21
P2,3,2,11,1,b,1.12165098,v,c,b,CIRCLE,TRIANGLE,PENTAGON,1,Training,32,24,21
Stranger,0,0,0,2,c,16.51270165,v,c,b,STAR,DIAMOND,CIRCLE,1,Training,33,21,22
P1,0,1,1,0,v,3.815838511,v,c,b,STAR,DIAMOND,CIRCLE,1,Training,33,21,22
P2,0,2,2,1,b,1.498568483,v,c,b,STAR,DIAMOND,CIRCLE,1,Training,33,21,22
P1,1,0,3,0,v,2.353722772,v,c,b,STAR,DIAMOND,CIRCLE,1,Training,33,21,22
P2,1,1,4,1,b,1.526283292,v,c,b,STAR,DIAMOND,CIRCLE,1,Training,33,21,22
P1,1,2,5,0,v,2.156775542,v,c,b,STAR,DIAMOND,CIRCLE,1,Training,33,21,22
P2,2,0,6,1,b,1.330032081,v,c,b,STAR,DIAMOND,CIRCLE,1,Training,33,21,22
Stranger,2,1,7,2,c,1.663922466,v,c,b,STAR,DIAMOND,CIRCLE,1,Training,33,21,22
Stranger,2,2,8,2,c,1.256476764,v,c,b,STAR,DIAMOND,CIRCLE,1,Training,33,21,22
P2,3,0,9,1,b,2.001674709,v,c,b,STAR,DIAMOND,CIRCLE,1,Training,33,21,22
P1,3,1,10,0,v,1.212323202,v,c,b,STAR,DIAMOND,CIRCLE,1,Training,33,21,22
Stranger,3,2,11,2,c,2.287400838,v,c,b,STAR,DIAMOND,CIRCLE,1,Training,33,21,22
Stranger,0,0,0,2,v,15.7861529,b,v,c,TRIANGLE,CIRCLE,PENTAGON,1,Training,34,20,21
P2,0,1,1,1,c,2.558757715,b,v,c,TRIANGLE,CIRCLE,PENTAGON,1,Training,34,20,21
Stranger,0,2,2,2,v,0.988036611,b,v,c,TRIANGLE,CIRCLE,PENTAGON,1,Training,34,20,21
P1,1,0,3,0,b,1.231884367,b,v,c,TRIANGLE,CIRCLE,PENTAGON,1,Training,34,20,21
Stranger,1,1,4,2,v,2.057056556,b,v,c,TRIANGLE,CIRCLE,PENTAGON,1,Training,34,20,21
P2,1,2,5,1,c,2.026293951,b,v,c,TRIANGLE,CIRCLE,PENTAGON,1,Training,34,20,21
P2,2,0,6,1,c,1.652843412,b,v,c,TRIANGLE,CIRCLE,PENTAGON,1,Training,34,20,21
P1,2,1,7,0,b,1.038082447,b,v,c,TRIANGLE,CIRCLE,PENTAGON,1,Training,34,20,21
P2,2,2,8,1,c,1.367921869,b,v,c,TRIANGLE,CIRCLE,PENTAGON,1,Training,34,20,21
P1,3,0,9,0,b,0.940568769,b,v,c,TRIANGLE,CIRCLE,PENTAGON,1,Training,34,20,21
P1,3,1,10,0,b,0.946472887,b,v,c,TRIANGLE,CIRCLE,PENTAGON,1,Training,34,20,21
Stranger,3,2,11,2,v,0.943726317,b,v,c,TRIANGLE,CIRCLE,PENTAGON,1,Training,34,20,21
P2,0,0,0,1,v,11.40145828,b,c,v,STAR,TRIANGLE,CIRCLE,1,Training,35,20,19
P2,0,1,1,1,v,3.02109967,b,c,v,STAR,TRIANGLE,CIRCLE,1,Training,35,20,19
Stranger,0,2,2,2,c,3.991455907,b,c,v,STAR,TRIANGLE,CIRCLE,1,Training,35,20,19
P2,1,0,3,1,v,1.715396265,b,c,v,STAR,TRIANGLE,CIRCLE,1,Training,35,20,19
P1,1,1,4,0,b,2.089275943,b,c,v,STAR,TRIANGLE,CIRCLE,1,Training,35,20,19
Stranger,1,2,5,2,c,1.449165765,b,c,v,STAR,TRIANGLE,CIRCLE,1,Training,35,20,19
Stranger,2,0,6,2,c,2.282405137,b,c,v,STAR,TRIANGLE,CIRCLE,1,Training,35,20,19
P1,2,1,7,0,b,2.338238627,b,c,v,STAR,TRIANGLE,CIRCLE,1,Training,35,20,19
Stranger,2,2,8,2,c,1.640118074,b,c,v,STAR,TRIANGLE,CIRCLE,1,Training,35,20,19
P2,3,0,9,1,v,1.857917045,b,c,v,STAR,TRIANGLE,CIRCLE,1,Training,35,20,19
P1,3,1,10,0,b,1.547223071,b,c,v,STAR,TRIANGLE,CIRCLE,1,Training,35,20,19
P1,3,2,11,0,b,1.248482221,b,c,v,STAR,TRIANGLE,CIRCLE,1,Training,35,20,19
P1,0,0,0,0,v,8.572051716,v,b,c,STAR,TRIANGLE,PENTAGON,1,Training,1,23,21
Stranger,0,1,1,2,b,4.616634695,v,b,c,STAR,TRIANGLE,PENTAGON,1,Training,1,23,21
P1,0,2,2,0,v,2.723291724,v,b,c,STAR,TRIANGLE,PENTAGON,1,Training,1,23,21
Stranger,1,0,3,2,b,2.257146546,v,b,c,STAR,TRIANGLE,PENTAGON,1,Training,1,23,21
P2,1,1,4,1,b,3.986178878,v,b,c,STAR,TRIANGLE,PENTAGON,0,Training,1,23,21
Stranger,1,2,5,2,b,1.790193632,v,b,c,STAR,TRIANGLE,PENTAGON,1,Training,1,23,21
P2,2,0,6,1,c,2.241987882,v,b,c,STAR,TRIANGLE,PENTAGON,1,Training,1,23,21
Stranger,2,1,7,2,b,2.052145138,v,b,c,STAR,TRIANGLE,PENTAGON,1,Training,1,23,21
P2,2,2,8,1,c,1.88507967,v,b,c,STAR,TRIANGLE,PENTAGON,1,Training,1,23,21
P1,3,0,9,0,v,1.508987934,v,b,c,STAR,TRIANGLE,PENTAGON,1,Training,1,23,21
P2,3,1,10,1,c,1.916204337,v,b,c,STAR,TRIANGLE,PENTAGON,1,Training,1,23,21
P1,3,2,11,0,v,1.274784476,v,b,c,STAR,TRIANGLE,PENTAGON,1,Training,1,23,21
P1,0,0,0,0,b,16.11014782,b,v,c,CIRCLE,STAR,PENTAGON,1,Training,36,21,27
P1,0,1,1,0,b,8.55667716,b,v,c,CIRCLE,STAR,PENTAGON,1,Training,36,21,27
Stranger,0,2,2,2,v,10.94532996,b,v,c,CIRCLE,STAR,PENTAGON,1,Training,36,21,27
P1,1,0,3,0,b,10.01416436,b,v,c,CIRCLE,STAR,PENTAGON,1,Training,36,21,27
P2,1,1,4,1,c,2.456392831,b,v,c,CIRCLE,STAR,PENTAGON,1,Training,36,21,27
Stranger,1,2,5,2,b,3.521486566,b,v,c,CIRCLE,STAR,PENTAGON,0,Training,36,21,27
P2,2,0,6,1,c,2.760025551,b,v,c,CIRCLE,STAR,PENTAGON,1,Training,36,21,27
P2,2,1,7,1,c,3.421152888,b,v,c,CIRCLE,STAR,PENTAGON,1,Training,36,21,27
P2,2,2,8,1,c,1.847826945,b,v,c,CIRCLE,STAR,PENTAGON,1,Training,36,21,27
Stranger,3,0,9,2,c,7.944292844,b,v,c,CIRCLE,STAR,PENTAGON,0,Training,36,21,27
Stranger,3,1,10,2,v,1.598531057,b,v,c,CIRCLE,STAR,PENTAGON,1,Training,36,21,27
P1,3,2,11,0,b,4.105522038,b,v,c,CIRCLE,STAR,PENTAGON,1,Training,36,21,27
Stranger,0,0,0,2,c,20.2269074,v,c,b,TRIANGLE,STAR,CIRCLE,1,Training,37,24,22
P2,0,1,1,1,b,2.437877172,v,c,b,TRIANGLE,STAR,CIRCLE,1,Training,37,24,22
P2,0,2,2,1,b,1.655824047,v,c,b,TRIANGLE,STAR,CIRCLE,1,Training,37,24,22
P2,1,0,3,1,b,1.272387108,v,c,b,TRIANGLE,STAR,CIRCLE,1,Training,37,24,22
P1,1,1,4,0,v,2.968730729,v,c,b,TRIANGLE,STAR,CIRCLE,1,Training,37,24,22
P2,1,2,5,1,b,1.397395103,v,c,b,TRIANGLE,STAR,CIRCLE,1,Training,37,24,22
Stranger,2,0,6,2,c,1.792574254,v,c,b,TRIANGLE,STAR,CIRCLE,1,Training,37,24,22
P1,2,1,7,0,v,2.148478601,v,c,b,TRIANGLE,STAR,CIRCLE,1,Training,37,24,22
Stranger,2,2,8,2,c,1.841659567,v,c,b,TRIANGLE,STAR,CIRCLE,1,Training,37,24,22
Stranger,3,0,9,2,v,1.595569756,v,c,b,TRIANGLE,STAR,CIRCLE,0,Training,37,24,22
P1,3,1,10,0,v,4.710530762,v,c,b,TRIANGLE,STAR,CIRCLE,1,Training,37,24,22
P1,3,2,11,0,v,1.157914456,v,c,b,TRIANGLE,STAR,CIRCLE,1,Training,37,24,22
Stranger,0,0,0,2,v,9.668120149,c,v,b,TRIANGLE,STAR,DIAMOND,1,Training,38,21,22
P2,0,1,1,1,b,2.741020719,c,v,b,TRIANGLE,STAR,DIAMOND,1,Training,38,21,22
P1,0,2,2,0,c,1.098989419,c,v,b,TRIANGLE,STAR,DIAMOND,1,Training,38,21,22
Stranger,1,0,3,2,v,1.529565756,c,v,b,TRIANGLE,STAR,DIAMOND,1,Training,38,21,22
P2,1,1,4,1,b,1.671434403,c,v,b,TRIANGLE,STAR,DIAMOND,1,Training,38,21,22
Stranger,1,2,5,2,v,2.519852365,c,v,b,TRIANGLE,STAR,DIAMOND,1,Training,38,21,22
P1,2,0,6,0,c,0.758601862,c,v,b,TRIANGLE,STAR,DIAMOND,1,Training,38,21,22
P2,2,1,7,1,b,1.451810858,c,v,b,TRIANGLE,STAR,DIAMOND,1,Training,38,21,22
P1,2,2,8,0,c,0.973086832,c,v,b,TRIANGLE,STAR,DIAMOND,1,Training,38,21,22
P1,3,0,9,0,c,0.857680109,c,v,b,TRIANGLE,STAR,DIAMOND,1,Training,38,21,22
P2,3,1,10,1,b,1.130880088,c,v,b,TRIANGLE,STAR,DIAMOND,1,Training,38,21,22
Stranger,3,2,11,2,v,1.312800879,c,v,b,TRIANGLE,STAR,DIAMOND,1,Training,38,21,22
Stranger,0,0,0,2,c,12.02887527,b,c,v,PENTAGON,DIAMOND,STAR,1,Training,39,22,19
P2,0,1,1,1,v,3.54315795,b,c,v,PENTAGON,DIAMOND,STAR,1,Training,39,22,19
P1,0,2,2,0,b,2.933056797,b,c,v,PENTAGON,DIAMOND,STAR,1,Training,39,22,19
P2,1,0,3,1,v,1.4102597,b,c,v,PENTAGON,DIAMOND,STAR,1,Training,39,22,19
Stranger,1,1,4,2,c,1.965508461,b,c,v,PENTAGON,DIAMOND,STAR,1,Training,39,22,19
P2,1,2,5,1,v,1.690037655,b,c,v,PENTAGON,DIAMOND,STAR,1,Training,39,22,19
P1,2,0,6,0,b,1.673886438,b,c,v,PENTAGON,DIAMOND,STAR,1,Training,39,22,19
P1,2,1,7,0,b,1.618517267,b,c,v,PENTAGON,DIAMOND,STAR,1,Training,39,22,19
P1,2,2,8,0,b,1.525091611,b,c,v,PENTAGON,DIAMOND,STAR,1,Training,39,22,19
P2,3,0,9,1,v,1.203642087,b,c,v,PENTAGON,DIAMOND,STAR,1,Training,39,22,19
Stranger,3,1,10,2,c,1.654846155,b,c,v,PENTAGON,DIAMOND,STAR,1,Training,39,22,19
Stranger,3,2,11,2,c,2.152031703,b,c,v,PENTAGON,DIAMOND,STAR,1,Training,39,22,19
P2,0,0,0,1,b,10.59229814,v,c,b,TRIANGLE,PENTAGON,DIAMOND,1,Training,40,20,19
P2,0,1,1,1,b,2.659531512,v,c,b,TRIANGLE,PENTAGON,DIAMOND,1,Training,40,20,19
P2,0,2,2,1,b,1.612750977,v,c,b,TRIANGLE,PENTAGON,DIAMOND,1,Training,40,20,19
P1,1,0,3,0,v,2.783168009,v,c,b,TRIANGLE,PENTAGON,DIAMOND,1,Training,40,20,19
Stranger,1,1,4,2,c,2.690242945,v,c,b,TRIANGLE,PENTAGON,DIAMOND,1,Training,40,20,19
P1,1,2,5,0,v,2.290228812,v,c,b,TRIANGLE,PENTAGON,DIAMOND,1,Training,40,20,19
P1,2,0,6,0,v,1.578102707,v,c,b,TRIANGLE,PENTAGON,DIAMOND,1,Training,40,20,19
Stranger,2,1,7,2,c,3.158541381,v,c,b,TRIANGLE,PENTAGON,DIAMOND,1,Training,40,20,19
P1,2,2,8,0,v,2.019813281,v,c,b,TRIANGLE,PENTAGON,DIAMOND,1,Training,40,20,19
Stranger,3,0,9,2,c,1.822362276,v,c,b,TRIANGLE,PENTAGON,DIAMOND,1,Training,40,20,19
Stranger,3,1,10,2,c,2.760772808,v,c,b,TRIANGLE,PENTAGON,DIAMOND,1,Training,40,20,19
P2,3,2,11,1,b,1.414095076,v,c,b,TRIANGLE,PENTAGON,DIAMOND,1,Training,40,20,19
P1,0,0,0,0,v,9.780211277,v,b,c,CIRCLE,TRIANGLE,PENTAGON,1,Training,41,21,19
Stranger,0,1,1,2,b,3.16843731,v,b,c,CIRCLE,TRIANGLE,PENTAGON,1,Training,41,21,19
P2,0,2,2,1,c,1.860892594,v,b,c,CIRCLE,TRIANGLE,PENTAGON,1,Training,41,21,19
P1,1,0,3,0,v,2.629454737,v,b,c,CIRCLE,TRIANGLE,PENTAGON,1,Training,41,21,19
Stranger,1,1,4,2,b,2.135258577,v,b,c,CIRCLE,TRIANGLE,PENTAGON,1,Training,41,21,19
P2,1,2,5,1,c,1.621185814,v,b,c,CIRCLE,TRIANGLE,PENTAGON,1,Training,41,21,19
P2,2,0,6,1,c,1.439804846,v,b,c,CIRCLE,TRIANGLE,PENTAGON,1,Training,41,21,19
Stranger,2,1,7,2,b,1.793653162,v,b,c,CIRCLE,TRIANGLE,PENTAGON,1,Training,41,21,19
Stranger,2,2,8,2,b,2.173481965,v,b,c,CIRCLE,TRIANGLE,PENTAGON,1,Training,41,21,19
P1,3,0,9,0,v,1.482093409,v,b,c,CIRCLE,TRIANGLE,PENTAGON,1,Training,41,21,19
P1,3,1,10,0,v,3.801747192,v,b,c,CIRCLE,TRIANGLE,PENTAGON,1,Training,41,21,19
P2,3,2,11,1,c,1.397073326,v,b,c,CIRCLE,TRIANGLE,PENTAGON,1,Training,41,21,19
Stranger,0,0,0,2,v,10.8414096,c,v,b,CIRCLE,STAR,DIAMOND,1,Training,42,19,23
Stranger,0,1,1,2,v,4.339512226,c,v,b,CIRCLE,STAR,DIAMOND,1,Training,42,19,23
P2,0,2,2,1,b,3.065415096,c,v,b,CIRCLE,STAR,DIAMOND,1,Training,42,19,23
P1,1,0,3,0,c,3.441795389,c,v,b,CIRCLE,STAR,DIAMOND,1,Training,42,19,23
Stranger,1,1,4,2,v,4.490799762,c,v,b,CIRCLE,STAR,DIAMOND,1,Training,42,19,23
Stranger,1,2,5,2,v,1.850809995,c,v,b,CIRCLE,STAR,DIAMOND,1,Training,42,19,23
P2,2,0,6,1,b,1.820092792,c,v,b,CIRCLE,STAR,DIAMOND,1,Training,42,19,23
P2,2,1,7,1,b,1.52662834,c,v,b,CIRCLE,STAR,DIAMOND,1,Training,42,19,23
P1,2,2,8,0,c,1.60518449,c,v,b,CIRCLE,STAR,DIAMOND,1,Training,42,19,23
P1,3,0,9,0,c,2.56026819,c,v,b,CIRCLE,STAR,DIAMOND,1,Training,42,19,23
P1,3,1,10,0,c,1.869523541,c,v,b,CIRCLE,STAR,DIAMOND,1,Training,42,19,23
P2,3,2,11,1,b,1.862110528,c,v,b,CIRCLE,STAR,DIAMOND,1,Training,42,19,23
P2,0,0,0,1,b,9.361016558,v,c,b,PENTAGON,TRIANGLE,CIRCLE,1,Training,43,23,22
Stranger,0,1,1,2,c,3.037834123,v,c,b,PENTAGON,TRIANGLE,CIRCLE,1,Training,43,23,22
P1,0,2,2,0,v,2.583760301,v,c,b,PENTAGON,TRIANGLE,CIRCLE,1,Training,43,23,22
P1,1,0,3,0,v,2.44280882,v,c,b,PENTAGON,TRIANGLE,CIRCLE,1,Training,43,23,22
Stranger,1,1,4,2,c,1.996829424,v,c,b,PENTAGON,TRIANGLE,CIRCLE,1,Training,43,23,22
P2,1,2,5,1,b,1.400083617,v,c,b,PENTAGON,TRIANGLE,CIRCLE,1,Training,43,23,22
Stranger,2,0,6,2,c,2.667233194,v,c,b,PENTAGON,TRIANGLE,CIRCLE,1,Training,43,23,22
Stranger,2,1,7,2,c,1.52375899,v,c,b,PENTAGON,TRIANGLE,CIRCLE,1,Training,43,23,22
P1,2,2,8,0,v,1.962272471,v,c,b,PENTAGON,TRIANGLE,CIRCLE,1,Training,43,23,22
P2,3,0,9,1,b,1.350865266,v,c,b,PENTAGON,TRIANGLE,CIRCLE,1,Training,43,23,22
P2,3,1,10,1,b,1.460073479,v,c,b,PENTAGON,TRIANGLE,CIRCLE,1,Training,43,23,22
P1,3,2,11,0,v,2.029170407,v,c,b,PENTAGON,TRIANGLE,CIRCLE,1,Training,43,23,22
P1,0,0,0,0,c,5.071543456,c,v,b,PENTAGON,CIRCLE,TRIANGLE,1,Training,44,19,19
Stranger,0,1,1,2,v,6.063703672,c,v,b,PENTAGON,CIRCLE,TRIANGLE,1,Training,44,19,19
P2,0,2,2,1,b,4.160299853,c,v,b,PENTAGON,CIRCLE,TRIANGLE,1,Training,44,19,19
P1,1,0,3,0,c,2.64549475,c,v,b,PENTAGON,CIRCLE,TRIANGLE,1,Training,44,19,19
Stranger,1,1,4,2,v,4.589695213,c,v,b,PENTAGON,CIRCLE,TRIANGLE,1,Training,44,19,19
P2,1,2,5,1,b,1.585859806,c,v,b,PENTAGON,CIRCLE,TRIANGLE,1,Training,44,19,19
P2,2,0,6,1,b,1.413673155,c,v,b,PENTAGON,CIRCLE,TRIANGLE,1,Training,44,19,19
P1,2,1,7,0,c,2.520128876,c,v,b,PENTAGON,CIRCLE,TRIANGLE,1,Training,44,19,19
P2,2,2,8,1,b,5.630430268,c,v,b,PENTAGON,CIRCLE,TRIANGLE,1,Training,44,19,19
Stranger,3,0,9,2,v,1.952410167,c,v,b,PENTAGON,CIRCLE,TRIANGLE,1,Training,44,19,19
P1,3,1,10,0,c,6.997104989,c,v,b,PENTAGON,CIRCLE,TRIANGLE,1,Training,44,19,19
Stranger,3,2,11,2,v,4.848323594,c,v,b,PENTAGON,CIRCLE,TRIANGLE,1,Training,44,19,19
P1,0,0,0,0,b,22.86720887,b,v,c,TRIANGLE,CIRCLE,PENTAGON,1,Training,45,18,22
P1,0,1,1,0,b,3.668657999,b,v,c,TRIANGLE,CIRCLE,PENTAGON,1,Training,45,18,22
P2,0,2,2,1,c,2.117260789,b,v,c,TRIANGLE,CIRCLE,PENTAGON,1,Training,45,18,22
Stranger,1,0,3,2,v,1.667791035,b,v,c,TRIANGLE,CIRCLE,PENTAGON,1,Training,45,18,22
Stranger,1,1,4,2,v,2.939498882,b,v,c,TRIANGLE,CIRCLE,PENTAGON,1,Training,45,18,22
P1,1,2,5,0,b,1.209516624,b,v,c,TRIANGLE,CIRCLE,PENTAGON,1,Training,45,18,22
P2,2,0,6,1,c,1.276732368,b,v,c,TRIANGLE,CIRCLE,PENTAGON,1,Training,45,18,22
Stranger,2,1,7,2,v,1.269276322,b,v,c,TRIANGLE,CIRCLE,PENTAGON,1,Training,45,18,22
P2,2,2,8,1,c,1.021913337,b,v,c,TRIANGLE,CIRCLE,PENTAGON,1,Training,45,18,22
P1,3,0,9,0,b,1.064495231,b,v,c,TRIANGLE,CIRCLE,PENTAGON,1,Training,45,18,22
P2,3,1,10,1,c,1.073040903,b,v,c,TRIANGLE,CIRCLE,PENTAGON,1,Training,45,18,22
Stranger,3,2,11,2,v,1.433587658,b,v,c,TRIANGLE,CIRCLE,PENTAGON,1,Training,45,18,22
Stranger,0,0,0,2,c,6.453232462,v,c,b,STAR,TRIANGLE,CIRCLE,1,Training,2,21,22
Stranger,0,1,1,2,c,2.134673137,v,c,b,STAR,TRIANGLE,CIRCLE,1,Training,2,21,22
P2,0,2,2,1,b,2.580451219,v,c,b,STAR,TRIANGLE,CIRCLE,1,Training,2,21,22
P1,1,0,3,0,b,1.751717623,v,c,b,STAR,TRIANGLE,CIRCLE,0,Training,2,21,22
Stranger,1,1,4,2,c,3.628712435,v,c,b,STAR,TRIANGLE,CIRCLE,1,Training,2,21,22
P2,1,2,5,1,b,3.471207936,v,c,b,STAR,TRIANGLE,CIRCLE,1,Training,2,21,22
P1,2,0,6,0,v,2.359807928,v,c,b,STAR,TRIANGLE,CIRCLE,1,Training,2,21,22
P1,2,1,7,0,v,1.70901778,v,c,b,STAR,TRIANGLE,CIRCLE,1,Training,2,21,22
Stranger,2,2,8,2,c,1.988218746,v,c,b,STAR,TRIANGLE,CIRCLE,1,Training,2,21,22
P2,3,0,9,1,b,1.768106444,v,c,b,STAR,TRIANGLE,CIRCLE,1,Training,2,21,22
P2,3,1,10,1,b,1.732645429,v,c,b,STAR,TRIANGLE,CIRCLE,1,Training,2,21,22
P1,3,2,11,0,v,1.402564225,v,c,b,STAR,TRIANGLE,CIRCLE,1,Training,2,21,22
P2,0,0,0,1,v,6.565193618,c,b,v,STAR,PENTAGON,TRIANGLE,1,Training,46,19,22
P1,0,1,1,0,c,3.689899399,c,b,v,STAR,PENTAGON,TRIANGLE,1,Training,46,19,22
Stranger,0,2,2,2,b,2.961574479,c,b,v,STAR,PENTAGON,TRIANGLE,1,Training,46,19,22
P2,1,0,3,1,v,4.013981961,c,b,v,STAR,PENTAGON,TRIANGLE,1,Training,46,19,22
P2,1,1,4,1,v,2.848490591,c,b,v,STAR,PENTAGON,TRIANGLE,1,Training,46,19,22
Stranger,1,2,5,2,b,2.337672495,c,b,v,STAR,PENTAGON,TRIANGLE,1,Training,46,19,22
Stranger,2,0,6,2,b,1.527676119,c,b,v,STAR,PENTAGON,TRIANGLE,1,Training,46,19,22
Stranger,2,1,7,2,b,4.157962288,c,b,v,STAR,PENTAGON,TRIANGLE,1,Training,46,19,22
P1,2,2,8,0,c,1.611259948,c,b,v,STAR,PENTAGON,TRIANGLE,1,Training,46,19,22
P1,3,0,9,0,c,1.790497193,c,b,v,STAR,PENTAGON,TRIANGLE,1,Training,46,19,22
P1,3,1,10,0,c,1.002444553,c,b,v,STAR,PENTAGON,TRIANGLE,1,Training,46,19,22
P2,3,2,11,1,v,0.997704283,c,b,v,STAR,PENTAGON,TRIANGLE,1,Training,46,19,22
P1,0,0,0,0,v,13.26877265,v,c,b,TRIANGLE,CIRCLE,DIAMOND,1,Training,3,21,22
P2,0,1,1,1,b,4.813669287,v,c,b,TRIANGLE,CIRCLE,DIAMOND,1,Training,3,21,22
P2,0,2,2,1,b,1.784419467,v,c,b,TRIANGLE,CIRCLE,DIAMOND,1,Training,3,21,22
Stranger,1,0,3,2,v,6.915695061,v,c,b,TRIANGLE,CIRCLE,DIAMOND,0,Training,3,21,22
P2,1,1,4,1,b,2.713785631,v,c,b,TRIANGLE,CIRCLE,DIAMOND,1,Training,3,21,22
P2,1,2,5,1,b,2.712314652,v,c,b,TRIANGLE,CIRCLE,DIAMOND,1,Training,3,21,22
Stranger,2,0,6,2,c,1.798888041,v,c,b,TRIANGLE,CIRCLE,DIAMOND,1,Training,3,21,22
P1,2,1,7,0,c,3.82579835,v,c,b,TRIANGLE,CIRCLE,DIAMOND,0,Training,3,21,22
Stranger,2,2,8,2,c,2.404448547,v,c,b,TRIANGLE,CIRCLE,DIAMOND,1,Training,3,21,22
P1,3,0,9,0,v,3.839519196,v,c,b,TRIANGLE,CIRCLE,DIAMOND,1,Training,3,21,22
Stranger,3,1,10,2,c,1.865536495,v,c,b,TRIANGLE,CIRCLE,DIAMOND,1,Training,3,21,22
P1,3,2,11,0,v,3.097861159,v,c,b,TRIANGLE,CIRCLE,DIAMOND,1,Training,3,21,22
P2,0,0,0,1,c,5.013936795,v,b,c,CIRCLE,DIAMOND,STAR,1,Training,4,23,24
P2,0,1,1,1,c,1.368723024,v,b,c,CIRCLE,DIAMOND,STAR,1,Training,4,23,24
P2,0,2,2,1,v,4.092951579,v,b,c,CIRCLE,DIAMOND,STAR,0,Training,4,23,24
Stranger,1,0,3,2,b,10.21127379,v,b,c,CIRCLE,DIAMOND,STAR,1,Training,4,23,24
P1,1,1,4,0,v,2.367084655,v,b,c,CIRCLE,DIAMOND,STAR,1,Training,4,23,24
P1,1,2,5,0,v,3.459439315,v,b,c,CIRCLE,DIAMOND,STAR,1,Training,4,23,24
P2,2,0,6,1,c,2.97259897,v,b,c,CIRCLE,DIAMOND,STAR,1,Training,4,23,24
P1,2,1,7,0,v,1.88918941,v,b,c,CIRCLE,DIAMOND,STAR,1,Training,4,23,24
P1,2,2,8,0,v,1.617090675,v,b,c,CIRCLE,DIAMOND,STAR,1,Training,4,23,24
Stranger,3,0,9,2,b,1.827635692,v,b,c,CIRCLE,DIAMOND,STAR,1,Training,4,23,24
Stranger,3,1,10,2,b,2.006185534,v,b,c,CIRCLE,DIAMOND,STAR,1,Training,4,23,24
Stranger,3,2,11,2,b,4.841084924,v,b,c,CIRCLE,DIAMOND,STAR,1,Training,4,23,24
P1,0,0,0,0,v,8.408342733,v,b,c,TRIANGLE,CIRCLE,PENTAGON,1,Training,5,25,23
P1,0,1,1,0,v,3.7796907,v,b,c,TRIANGLE,CIRCLE,PENTAGON,1,Training,5,25,23
P1,0,2,2,0,v,1.551720939,v,b,c,TRIANGLE,CIRCLE,PENTAGON,1,Training,5,25,23
Stranger,1,0,3,2,b,6.852339532,v,b,c,TRIANGLE,CIRCLE,PENTAGON,1,Training,5,25,23
P2,1,1,4,1,c,3.58899403,v,b,c,TRIANGLE,CIRCLE,PENTAGON,1,Training,5,25,23
Stranger,1,2,5,2,b,10.17603149,v,b,c,TRIANGLE,CIRCLE,PENTAGON,1,Training,5,25,23
P2,2,0,6,1,c,2.780996263,v,b,c,TRIANGLE,CIRCLE,PENTAGON,1,Training,5,25,23
P2,2,1,7,1,c,1.736962038,v,b,c,TRIANGLE,CIRCLE,PENTAGON,1,Training,5,25,23
Stranger,2,2,8,2,b,3.254620299,v,b,c,TRIANGLE,CIRCLE,PENTAGON,1,Training,5,25,23
Stranger,3,0,9,2,b,0.872057203,v,b,c,TRIANGLE,CIRCLE,PENTAGON,1,Training,5,25,23
P1,3,1,10,0,v,3.248379495,v,b,c,TRIANGLE,CIRCLE,PENTAGON,1,Training,5,25,23
P2,3,2,11,1,c,1.809660218,v,b,c,TRIANGLE,CIRCLE,PENTAGON,1,Training,5,25,23
P2,0,0,0,1,b,12.83252672,c,v,b,DIAMOND,STAR,CIRCLE,1,Training,6,23,21
Stranger,0,1,1,2,v,3.002941168,c,v,b,DIAMOND,STAR,CIRCLE,1,Training,6,23,21
Stranger,0,2,2,2,v,4.58193562,c,v,b,DIAMOND,STAR,CIRCLE,1,Training,6,23,21
P2,1,0,3,1,b,2.03393753,c,v,b,DIAMOND,STAR,CIRCLE,1,Training,6,23,21
Stranger,1,1,4,2,v,1.827193924,c,v,b,DIAMOND,STAR,CIRCLE,1,Training,6,23,21
P1,1,2,5,0,c,1.97367753,c,v,b,DIAMOND,STAR,CIRCLE,1,Training,6,23,21
Stranger,2,0,6,2,v,2.09016872,c,v,b,DIAMOND,STAR,CIRCLE,1,Training,6,23,21
P1,2,1,7,0,c,3.505926356,c,v,b,DIAMOND,STAR,CIRCLE,1,Training,6,23,21
P2,2,2,8,1,b,2.217196005,c,v,b,DIAMOND,STAR,CIRCLE,1,Training,6,23,21
P1,3,0,9,0,c,1.65175264,c,v,b,DIAMOND,STAR,CIRCLE,1,Training,6,23,21
P2,3,1,10,1,b,1.788976501,c,v,b,DIAMOND,STAR,CIRCLE,1,Training,6,23,21
P1,3,2,11,0,c,1.072878993,c,v,b,DIAMOND,STAR,CIRCLE,1,Training,6,23,21