Shape,.thisRepN,.thisTrialN,.thisN,.thisIndex,resp,rt,P1Key,StrangerKey,P2Key,StrangerShape,P1Shape,P2Shape,corr,Training,Pair Number,Participant 1 Age,Participant 2 Age
P1,0,0,0,0,c,3.500295305,c,v,b,PENTAGON,STAR,DIAMOND,1,Training,7,22,21
P1,0,1,1,0,c,1.803567579,c,v,b,PENTAGON,STAR,DIAMOND,1,Training,7,22,21
Stranger,0,2,2,2,v,3.414653029,c,v,b,PENTAGON,STAR,DIAMOND,1,Training,7,22,21
P1,1,0,3,0,c,1.321245585,c,v,b,PENTAGON,STAR,DIAMOND,1,Training,7,22,21
Stranger,1,1,4,2,v,1.655816197,c,v,b,PENTAGON,STAR,DIAMOND,1,Training,7,22,21
P1,1,2,5,0,c,1.041091553,c,v,b,PENTAGON,STAR,DIAMOND,1,Training,7,22,21
P2,2,0,6,1,b,1.811007044,c,v,b,PENTAGON,STAR,DIAMOND,1,Training,7,22,21
P2,2,1,7,1,b,1.966152094,c,v,b,PENTAGON,STAR,DIAMOND,1,Training,7,22,21
P2,2,2,8,1,b,1.730735916,c,v,b,PENTAGON,STAR,DIAMOND,1,Training,7,22,21
Stranger,3,0,9,2,v,1.152775113,c,v,b,PENTAGON,STAR,DIAMOND,1,Training,7,22,21
P2,3,1,10,1,b,2.50179512,c,v,b,PENTAGON,STAR,DIAMOND,1,Training,7,22,21
Stranger,3,2,11,2,v,1.48502711,c,v,b,PENTAGON,STAR,DIAMOND,1,Training,7,22,21
P1,0,0,0,0,b,13.01052911,b,c,v,STAR,DIAMOND,PENTAGON,1,Training,8,24,18
Stranger,0,1,1,2,c,2.286126449,b,c,v,STAR,DIAMOND,PENTAGON,1,Training,8,24,18
P2,0,2,2,1,v,2.277993334,b,c,v,STAR,DIAMOND,PENTAGON,1,Training,8,24,18
Stranger,1,0,3,2,c,2.750468026,b,c,v,STAR,DIAMOND,PENTAGON,1,Training,8,24,18
P2,1,1,4,1,v,3.739493592,b,c,v,STAR,DIAMOND,PENTAGON,1,Training,8,24,18
P1,1,2,5,0,b,1.961418536,b,c,v,STAR,DIAMOND,PENTAGON,1,Training,8,24,18
P1,2,0,6,0,b,2.030627191,b,c,v,STAR,DIAMOND,PENTAGON,1,Training,8,24,18
Stranger,2,1,7,2,c,2.400417216,b,c,v,STAR,DIAMOND,PENTAGON,1,Training,8,24,18
Stranger,2,2,8,2,c,2.667644172,b,c,v,STAR,DIAMOND,PENTAGON,1,Training,8,24,18
P2,3,0,9,1,v,2.41209596,b,c,v,STAR,DIAMOND,PENTAGON,1,Training,8,24,18
P1,3,1,10,0,b,2.167278595,b,c,v,STAR,DIAMOND,PENTAGON,1,Training,8,24,18
P2,3,2,11,1,v,1.675844401,b,c,v,STAR,DIAMOND,PENTAGON,1,Training,8,24,18
Stranger,0,0,0,2,v,6.075313722,c,v,b,TRIANGLE,CIRCLE,PENTAGON,1,Training,9,18,21
P2,0,1,1,1,b,2.923936568,c,v,b,TRIANGLE,CIRCLE,PENTAGON,1,Training,9,18,21
Stranger,0,2,2,2,v,2.426463633,c,v,b,TRIANGLE,CIRCLE,PENTAGON,1,Training,9,18,21
Stranger,1,0,3,2,v,2.340991908,c,v,b,TRIANGLE,CIRCLE,PENTAGON,1,Training,9,18,21
P1,1,1,4,0,c,2.306829353,c,v,b,TRIANGLE,CIRCLE,PENTAGON,1,Training,9,18,21
P2,1,2,5,1,b,6.993517907,c,v,b,TRIANGLE,CIRCLE,PENTAGON,1,Training,9,18,21
P1,2,0,6,0,c,1.477632652,c,v,b,TRIANGLE,CIRCLE,PENTAGON,1,Training,9,18,21
P2,2,1,7,1,b,1.926177409,c,v,b,TRIANGLE,CIRCLE,PENTAGON,1,Training,9,18,21
P1,2,2,8,0,c,2.036780817,c,v,b,TRIANGLE,CIRCLE,PENTAGON,1,Training,9,18,21
Stranger,3,0,9,2,v,1.726689691,c,v,b,TRIANGLE,CIRCLE,PENTAGON,1,Training,9,18,21
P2,3,1,10,1,b,0.853208753,c,v,b,TRIANGLE,CIRCLE,PENTAGON,1,Training,9,18,21
P1,3,2,11,0,c,1.814391992,c,v,b,TRIANGLE,CIRCLE,PENTAGON,1,Training,9,18,21
P2,0,0,0,1,v,4.046036193,b,c,v,PENTAGON,DIAMOND,STAR,1,Training,10,20,24
P2,0,1,1,1,v,2.055269883,b,c,v,PENTAGON,DIAMOND,STAR,1,Training,10,20,24
P1,0,2,2,0,b,3.848266507,b,c,v,PENTAGON,DIAMOND,STAR,1,Training,10,20,24
Stranger,1,0,3,2,c,1.897554567,b,c,v,PENTAGON,DIAMOND,STAR,1,Training,10,20,24
Stranger,1,1,4,2,c,1.896648924,b,c,v,PENTAGON,DIAMOND,STAR,1,Training,10,20,24
P2,1,2,5,1,v,1.335990386,b,c,v,PENTAGON,DIAMOND,STAR,1,Training,10,20,24
P1,2,0,6,0,b,1.573908797,b,c,v,PENTAGON,DIAMOND,STAR,1,Training,10,20,24
P1,2,1,7,0,b,2.170373394,b,c,v,PENTAGON,DIAMOND,STAR,1,Training,10,20,24
Stranger,2,2,8,2,c,1.934886086,b,c,v,PENTAGON,DIAMOND,STAR,1,Training,10,20,24
P2,3,0,9,1,v,1.148810485,b,c,v,PENTAGON,DIAMOND,STAR,1,Training,10,20,24
Stranger,3,1,10,2,c,1.522070014,b,c,v,PENTAGON,DIAMOND,STAR,1,Training,10,20,24
P1,3,2,11,0,b,1.16861501,b,c,v,PENTAGON,DIAMOND,STAR,1,Training,10,20,24
Stranger,0,0,0,2,b,3.934947278,v,b,c,CIRCLE,PENTAGON,STAR,1,Training,11,32,26
Stranger,0,1,1,2,b,1.604937531,v,b,c,CIRCLE,PENTAGON,STAR,1,Training,11,32,26
Stranger,0,2,2,2,b,0.984235732,v,b,c,CIRCLE,PENTAGON,STAR,1,Training,11,32,26
Stranger,1,0,3,2,b,1.396075889,v,b,c,CIRCLE,PENTAGON,STAR,1,Training,11,32,26
P1,1,1,4,0,v,2.655242563,v,b,c,CIRCLE,PENTAGON,STAR,1,Training,11,32,26
P2,1,2,5,1,c,0.7525676,v,b,c,CIRCLE,PENTAGON,STAR,1,Training,11,32,26
P1,2,0,6,0,v,3.013577538,v,b,c,CIRCLE,PENTAGON,STAR,1,Training,11,32,26
P1,2,1,7,0,v,1.040164121,v,b,c,CIRCLE,PENTAGON,STAR,1,Training,11,32,26
P2,2,2,8,1,c,1.218162445,v,b,c,CIRCLE,PENTAGON,STAR,1,Training,11,32,26
P1,3,0,9,0,v,1.020776492,v,b,c,CIRCLE,PENTAGON,STAR,1,Training,11,32,26
P2,3,1,10,1,c,1.43930988,v,b,c,CIRCLE,PENTAGON,STAR,1,Training,11,32,26
P2,3,2,11,1,c,0.91320632,v,b,c,CIRCLE,PENTAGON,STAR,1,Training,11,32,26
Stranger,0,0,0,2,b,3.357825058,v,b,c,CIRCLE,DIAMOND,STAR,1,Training,12,24,21
P2,0,1,1,1,c,2.595014643,v,b,c,CIRCLE,DIAMOND,STAR,1,Training,12,24,21
Stranger,0,2,2,2,b,3.742697331,v,b,c,CIRCLE,DIAMOND,STAR,1,Training,12,24,21
P1,1,0,3,0,v,2.15658091,v,b,c,CIRCLE,DIAMOND,STAR,1,Training,12,24,21
P2,1,1,4,1,c,1.881816976,v,b,c,CIRCLE,DIAMOND,STAR,1,Training,12,24,21
P1,1,2,5,0,v,1.345695067,v,b,c,CIRCLE,DIAMOND,STAR,1,Training,12,24,21
P2,2,0,6,1,c,1.199578125,v,b,c,CIRCLE,DIAMOND,STAR,1,Training,12,24,21
Stranger,2,1,7,2,b,2.730714598,v,b,c,CIRCLE,DIAMOND,STAR,1,Training,12,24,21
P2,2,2,8,1,c,1.688700415,v,b,c,CIRCLE,DIAMOND,STAR,1,Training,12,24,21
Stranger,3,0,9,2,v,2.568460524,v,b,c,CIRCLE,DIAMOND,STAR,0,Training,12,24,21
P1,3,1,10,0,v,1.661039693,v,b,c,CIRCLE,DIAMOND,STAR,1,Training,12,24,21
P1,3,2,11,0,v,0.990286532,v,b,c,CIRCLE,DIAMOND,STAR,1,Training,12,24,21
P2,0,0,0,1,v,5.803154232,c,b,v,DIAMOND,PENTAGON,STAR,1,Training,13,21,18
Stranger,0,1,1,2,b,3.566457743,c,b,v,DIAMOND,PENTAGON,STAR,1,Training,13,21,18
P1,0,2,2,0,c,2.530934734,c,b,v,DIAMOND,PENTAGON,STAR,1,Training,13,21,18
Stranger,1,0,3,2,b,2.568790175,c,b,v,DIAMOND,PENTAGON,STAR,1,Training,13,21,18
P2,1,1,4,1,v,0.989449968,c,b,v,DIAMOND,PENTAGON,STAR,1,Training,13,21,18
Stranger,1,2,5,2,b,1.441358354,c,b,v,DIAMOND,PENTAGON,STAR,1,Training,13,21,18
P1,2,0,6,0,c,1.475189678,c,b,v,DIAMOND,PENTAGON,STAR,1,Training,13,21,18
P1,2,1,7,0,c,1.587694011,c,b,v,DIAMOND,PENTAGON,STAR,1,Training,13,21,18
P1,2,2,8,0,c,1.023665425,c,b,v,DIAMOND,PENTAGON,STAR,1,Training,13,21,18
P2,3,0,9,1,v,0.786287129,c,b,v,DIAMOND,PENTAGON,STAR,1,Training,13,21,18
P2,3,1,10,1,v,0.678192625,c,b,v,DIAMOND,PENTAGON,STAR,1,Training,13,21,18
Stranger,3,2,11,2,b,0.582828986,c,b,v,DIAMOND,PENTAGON,STAR,1,Training,13,21,18
P1,0,0,0,0,v,3.279904477,v,b,c,CIRCLE,STAR,TRIANGLE,1,Training,14,25,24
P2,0,1,1,1,c,2.815856411,v,b,c,CIRCLE,STAR,TRIANGLE,1,Training,14,25,24
P1,0,2,2,0,v,1.594454733,v,b,c,CIRCLE,STAR,TRIANGLE,1,Training,14,25,24
Stranger,1,0,3,2,b,3.526118957,v,b,c,CIRCLE,STAR,TRIANGLE,1,Training,14,25,24
Stranger,1,1,4,2,b,2.188761026,v,b,c,CIRCLE,STAR,TRIANGLE,1,Training,14,25,24
P2,1,2,5,1,c,1.488658736,v,b,c,CIRCLE,STAR,TRIANGLE,1,Training,14,25,24
P2,2,0,6,1,c,1.456533677,v,b,c,CIRCLE,STAR,TRIANGLE,1,Training,14,25,24
Stranger,2,1,7,2,b,4.273481676,v,b,c,CIRCLE,STAR,TRIANGLE,1,Training,14,25,24
P2,2,2,8,1,c,1.658164387,v,b,c,CIRCLE,STAR,TRIANGLE,1,Training,14,25,24
P1,3,0,9,0,v,1.611377308,v,b,c,CIRCLE,STAR,TRIANGLE,1,Training,14,25,24
P1,3,1,10,0,v,1.070639363,v,b,c,CIRCLE,STAR,TRIANGLE,1,Training,14,25,24
Stranger,3,2,11,2,b,2.647016767,v,b,c,CIRCLE,STAR,TRIANGLE,1,Training,14,25,24
P1,0,0,0,0,v,9.165461051,v,b,c,PENTAGON,STAR,CIRCLE,1,Training,15,23,20
P1,0,1,1,0,v,1.98637035,v,b,c,PENTAGON,STAR,CIRCLE,1,Training,15,23,20
P2,0,2,2,1,c,2.846186765,v,b,c,PENTAGON,STAR,CIRCLE,1,Training,15,23,20
Stranger,1,0,3,2,b,2.479309769,v,b,c,PENTAGON,STAR,CIRCLE,1,Training,15,23,20
Stranger,1,1,4,2,b,2.399172209,v,b,c,PENTAGON,STAR,CIRCLE,1,Training,15,23,20
P2,1,2,5,1,c,2.146354116,v,b,c,PENTAGON,STAR,CIRCLE,1,Training,15,23,20
P1,2,0,6,0,v,1.959598217,v,b,c,PENTAGON,STAR,CIRCLE,1,Training,15,23,20
P2,2,1,7,1,c,1.716824707,v,b,c,PENTAGON,STAR,CIRCLE,1,Training,15,23,20
P2,2,2,8,1,c,1.35537841,v,b,c,PENTAGON,STAR,CIRCLE,1,Training,15,23,20
Stranger,3,0,9,2,b,5.584123534,v,b,c,PENTAGON,STAR,CIRCLE,1,Training,15,23,20
Stranger,3,1,10,2,b,1.452282208,v,b,c,PENTAGON,STAR,CIRCLE,1,Training,15,23,20
P1,3,2,11,0,v,1.869385675,v,b,c,PENTAGON,STAR,CIRCLE,1,Training,15,23,20
P2,0,0,0,1,c,4.593623705,b,v,c,STAR,PENTAGON,TRIANGLE,1,Training,16,19,27
Stranger,0,1,1,2,v,2.125619471,b,v,c,STAR,PENTAGON,TRIANGLE,1,Training,16,19,27
Stranger,0,2,2,2,v,2.852093974,b,v,c,STAR,PENTAGON,TRIANGLE,1,Training,16,19,27
P1,1,0,3,0,b,2.045328734,b,v,c,STAR,PENTAGON,TRIANGLE,1,Training,16,19,27
P2,1,1,4,1,c,2.511142291,b,v,c,STAR,PENTAGON,TRIANGLE,1,Training,16,19,27
P1,1,2,5,0,b,1.086435608,b,v,c,STAR,PENTAGON,TRIANGLE,1,Training,16,19,27
P2,2,0,6,1,c,2.086262296,b,v,c,STAR,PENTAGON,TRIANGLE,1,Training,16,19,27
P1,2,1,7,0,b,1.278184782,b,v,c,STAR,PENTAGON,TRIANGLE,1,Training,16,19,27
P2,2,2,8,1,c,1.438705854,b,v,c,STAR,PENTAGON,TRIANGLE,1,Training,16,19,27
Stranger,3,0,9,2,v,1.784590805,b,v,c,STAR,PENTAGON,TRIANGLE,1,Training,16,19,27
P1,3,1,10,0,b,1.044555739,b,v,c,STAR,PENTAGON,TRIANGLE,1,Training,16,19,27
Stranger,3,2,11,2,v,2.174353644,b,v,c,STAR,PENTAGON,TRIANGLE,1,Training,16,19,27
P1,0,0,0,0,b,7.936260115,b,c,v,PENTAGON,STAR,CIRCLE,1,Training,17,22,21
Stranger,0,1,1,2,v,4.854151484,b,c,v,PENTAGON,STAR,CIRCLE,0,Training,17,22,21
Stranger,0,2,2,2,c,3.319420307,b,c,v,PENTAGON,STAR,CIRCLE,1,Training,17,22,21
Stranger,1,0,3,2,c,3.109893494,b,c,v,PENTAGON,STAR,CIRCLE,1,Training,17,22,21
P2,1,1,4,1,v,2.997018158,b,c,v,PENTAGON,STAR,CIRCLE,1,Training,17,22,21
P1,1,2,5,0,b,2.200216502,b,c,v,PENTAGON,STAR,CIRCLE,1,Training,17,22,21
P1,2,0,6,0,b,2.451377774,b,c,v,PENTAGON,STAR,CIRCLE,1,Training,17,22,21
P2,2,1,7,1,c,2.476570057,b,c,v,PENTAGON,STAR,CIRCLE,0,Training,17,22,21
P2,2,2,8,1,v,3.836977763,b,c,v,PENTAGON,STAR,CIRCLE,1,Training,17,22,21
Stranger,3,0,9,2,c,5.102547258,b,c,v,PENTAGON,STAR,CIRCLE,1,Training,17,22,21
P1,3,1,10,0,b,2.077919525,b,c,v,PENTAGON,STAR,CIRCLE,1,Training,17,22,21
P2,3,2,11,1,v,1.782486208,b,c,v,PENTAGON,STAR,CIRCLE,1,Training,17,22,21
P2,0,0,0,1,v,4.049928188,b,c,v,DIAMOND,TRIANGLE,PENTAGON,1,Training,18,24,22
P2,0,1,1,1,v,2.55513664,b,c,v,DIAMOND,TRIANGLE,PENTAGON,1,Training,18,24,22
P1,0,2,2,0,b,1.616450546,b,c,v,DIAMOND,TRIANGLE,PENTAGON,1,Training,18,24,22
Stranger,1,0,3,2,c,2.130939701,b,c,v,DIAMOND,TRIANGLE,PENTAGON,1,Training,18,24,22
Stranger,1,1,4,2,c,1.576833065,b,c,v,DIAMOND,TRIANGLE,PENTAGON,1,Training,18,24,22
P2,1,2,5,1,v,1.389442471,b,c,v,DIAMOND,TRIANGLE,PENTAGON,1,Training,18,24,22
Stranger,2,0,6,2,c,3.073179292,b,c,v,DIAMOND,TRIANGLE,PENTAGON,1,Training,18,24,22
P2,2,1,7,1,v,1.193816971,b,c,v,DIAMOND,TRIANGLE,PENTAGON,1,Training,18,24,22
Stranger,2,2,8,2,c,1.269717149,b,c,v,DIAMOND,TRIANGLE,PENTAGON,1,Training,18,24,22
P1,3,0,9,0,b,1.550281524,b,c,v,DIAMOND,TRIANGLE,PENTAGON,1,Training,18,24,22
P1,3,1,10,0,b,0.707627483,b,c,v,DIAMOND,TRIANGLE,PENTAGON,1,Training,18,24,22
P1,3,2,11,0,b,0.69081381,b,c,v,DIAMOND,TRIANGLE,PENTAGON,1,Training,18,24,22
P1,0,0,0,0,b,3.898462612,b,c,v,PENTAGON,STAR,DIAMOND,1,Training,19,19,25
Stranger,0,1,1,2,c,4.601521201,b,c,v,PENTAGON,STAR,DIAMOND,1,Training,19,19,25
P1,0,2,2,0,b,17.16315686,b,c,v,PENTAGON,STAR,DIAMOND,1,Training,19,19,25
P2,1,0,3,1,v,3.144412668,b,c,v,PENTAGON,STAR,DIAMOND,1,Training,19,19,25
Stranger,1,1,4,2,c,4.558065976,b,c,v,PENTAGON,STAR,DIAMOND,1,Training,19,19,25
P1,1,2,5,0,b,1.83539308,b,c,v,PENTAGON,STAR,DIAMOND,1,Training,19,19,25
P1,2,0,6,0,b,1.189294267,b,c,v,PENTAGON,STAR,DIAMOND,1,Training,19,19,25
P2,2,1,7,1,v,2.11311142,b,c,v,PENTAGON,STAR,DIAMOND,1,Training,19,19,25
Stranger,2,2,8,2,c,2.39163513,b,c,v,PENTAGON,STAR,DIAMOND,1,Training,19,19,25
P2,3,0,9,1,v,1.643581637,b,c,v,PENTAGON,STAR,DIAMOND,1,Training,19,19,25
P2,3,1,10,1,v,1.309469648,b,c,v,PENTAGON,STAR,DIAMOND,1,Training,19,19,25
Stranger,3,2,11,2,c,3.500452034,b,c,v,PENTAGON,STAR,DIAMOND,1,Training,19,19,25
P2,0,0,0,1,v,4.59794757,c,b,v,TRIANGLE,DIAMOND,CIRCLE,1,Training,20,29,19
P1,0,1,1,0,c,4.409034275,c,b,v,TRIANGLE,DIAMOND,CIRCLE,1,Training,20,29,19
P2,0,2,2,1,v,1.940319732,c,b,v,TRIANGLE,DIAMOND,CIRCLE,1,Training,20,29,19
P2,1,0,3,1,v,1.882221384,c,b,v,TRIANGLE,DIAMOND,CIRCLE,1,Training,20,29,19
P1,1,1,4,0,c,1.674137129,c,b,v,TRIANGLE,DIAMOND,CIRCLE,1,Training,20,29,19
P2,1,2,5,1,v,1.402666721,c,b,v,TRIANGLE,DIAMOND,CIRCLE,1,Training,20,29,19
Stranger,2,0,6,2,b,2.005814059,c,b,v,TRIANGLE,DIAMOND,CIRCLE,1,Training,20,29,19
Stranger,2,1,7,2,b,2.217047151,c,b,v,TRIANGLE,DIAMOND,CIRCLE,1,Training,20,29,19
Stranger,2,2,8,2,b,1.827572702,c,b,v,TRIANGLE,DIAMOND,CIRCLE,1,Training,20,29,19
Stranger,3,0,9,2,b,1.83819016,c,b,v,TRIANGLE,DIAMOND,CIRCLE,1,Training,20,29,19
P1,3,1,10,0,c,1.528030026,c,b,v,TRIANGLE,DIAMOND,CIRCLE,1,Training,20,29,19
P1,3,2,11,0,c,1.566503408,c,b,v,TRIANGLE,DIAMOND,CIRCLE,1,Training,20,29,19
P1,0,0,0,0,c,7.218896493,c,b,v,PENTAGON,DIAMOND,STAR,1,Training,21,21,26
P2,0,1,1,1,v,3.981419499,c,b,v,PENTAGON,DIAMOND,STAR,1,Training,21,21,26
P2,0,2,2,1,v,10.48037567,c,b,v,PENTAGON,DIAMOND,STAR,1,Training,21,21,26
Stranger,1,0,3,2,b,2.320697614,c,b,v,PENTAGON,DIAMOND,STAR,1,Training,21,21,26
Stranger,1,1,4,2,b,1.23924053,c,b,v,PENTAGON,DIAMOND,STAR,1,Training,21,21,26
P2,1,2,5,1,v,2.417047444,c,b,v,PENTAGON,DIAMOND,STAR,1,Training,21,21,26
P1,2,0,6,0,c,2.571565959,c,b,v,PENTAGON,DIAMOND,STAR,1,Training,21,21,26
Stranger,2,1,7,2,b,3.831826806,c,b,v,PENTAGON,DIAMOND,STAR,1,Training,21,21,26
Stranger,2,2,8,2,b,1.233904519,c,b,v,PENTAGON,DIAMOND,STAR,1,Training,21,21,26
P1,3,0,9,0,c,1.43582771,c,b,v,PENTAGON,DIAMOND,STAR,1,Training,21,21,26
P2,3,1,10,1,v,1.709650459,c,b,v,PENTAGON,DIAMOND,STAR,1,Training,21,21,26
P1,3,2,11,0,c,1.588894969,c,b,v,PENTAGON,DIAMOND,STAR,1,Training,21,21,26
P2,0,0,0,1,c,4.073599139,v,b,c,PENTAGON,CIRCLE,STAR,1,Training,22,28,26
Stranger,0,1,1,2,b,3.793959521,v,b,c,PENTAGON,CIRCLE,STAR,1,Training,22,28,26
Stranger,0,2,2,2,b,1.821963317,v,b,c,PENTAGON,CIRCLE,STAR,1,Training,22,28,26
P2,1,0,3,1,c,3.568301422,v,b,c,PENTAGON,CIRCLE,STAR,1,Training,22,28,26
Stranger,1,1,4,2,b,2.324887149,v,b,c,PENTAGON,CIRCLE,STAR,1,Training,22,28,26
P2,1,2,5,1,c,2.923344774,v,b,c,PENTAGON,CIRCLE,STAR,1,Training,22,28,26
P1,2,0,6,0,v,1.289978436,v,b,c,PENTAGON,CIRCLE,STAR,1,Training,22,28,26
P1,2,1,7,0,v,1.161877442,v,b,c,PENTAGON,CIRCLE,STAR,1,Training,22,28,26
Stranger,2,2,8,2,b,1.719054409,v,b,c,PENTAGON,CIRCLE,STAR,1,Training,22,28,26
P1,3,0,9,0,v,1.997583082,v,b,c,PENTAGON,CIRCLE,STAR,1,Training,22,28,26
P2,3,1,10,1,c,1.464882443,v,b,c,PENTAGON,CIRCLE,STAR,1,Training,22,28,26
P1,3,2,11,0,v,0.881473901,v,b,c,PENTAGON,CIRCLE,STAR,1,Training,22,28,26
P1,0,0,0,0,v,2.359690451,v,b,c,PENTAGON,CIRCLE,DIAMOND,1,Training,23,27,18
P2,0,1,1,1,c,6.804504027,v,b,c,PENTAGON,CIRCLE,DIAMOND,1,Training,23,27,18
P1,0,2,2,0,v,3.07174559,v,b,c,PENTAGON,CIRCLE,DIAMOND,1,Training,23,27,18
Stranger,1,0,3,2,b,3.312291303,v,b,c,PENTAGON,CIRCLE,DIAMOND,1,Training,23,27,18
P2,1,1,4,1,c,3.478617264,v,b,c,PENTAGON,CIRCLE,DIAMOND,1,Training,23,27,18
Stranger,1,2,5,2,b,2.511187227,v,b,c,PENTAGON,CIRCLE,DIAMOND,1,Training,23,27,18
P1,2,0,6,0,v,1.27049623,v,b,c,PENTAGON,CIRCLE,DIAMOND,1,Training,23,27,18
Stranger,2,1,7,2,b,3.534907923,v,b,c,PENTAGON,CIRCLE,DIAMOND,1,Training,23,27,18
Stranger,2,2,8,2,b,1.628784379,v,b,c,PENTAGON,CIRCLE,DIAMOND,1,Training,23,27,18
P2,3,0,9,1,c,1.191435536,v,b,c,PENTAGON,CIRCLE,DIAMOND,1,Training,23,27,18
P2,3,1,10,1,c,1.523282476,v,b,c,PENTAGON,CIRCLE,DIAMOND,1,Training,23,27,18
P1,3,2,11,0,v,1.033888964,v,b,c,PENTAGON,CIRCLE,DIAMOND,1,Training,23,27,18
P1,0,0,0,0,v,3.782729657,v,b,c,STAR,DIAMOND,CIRCLE,1,Training,24,21,19
Stranger,0,1,1,2,b,2.946555398,v,b,c,STAR,DIAMOND,CIRCLE,1,Training,24,21,19
P1,0,2,2,0,v,3.767564503,v,b,c,STAR,DIAMOND,CIRCLE,1,Training,24,21,19
P2,1,0,3,1,c,1.96418524,v,b,c,STAR,DIAMOND,CIRCLE,1,Training,24,21,19
Stranger,1,1,4,2,b,2.408698378,v,b,c,STAR,DIAMOND,CIRCLE,1,Training,24,21,19
Stranger,1,2,5,2,b,1.03597781,v,b,c,STAR,DIAMOND,CIRCLE,1,Training,24,21,19
Stranger,2,0,6,2,b,1.133868514,v,b,c,STAR,DIAMOND,CIRCLE,1,Training,24,21,19
P2,2,1,7,1,c,2.675667929,v,b,c,STAR,DIAMOND,CIRCLE,1,Training,24,21,19
P1,2,2,8,0,v,3.116122604,v,b,c,STAR,DIAMOND,CIRCLE,1,Training,24,21,19
P2,3,0,9,1,c,1.586722822,v,b,c,STAR,DIAMOND,CIRCLE,1,Training,24,21,19
P1,3,1,10,0,v,1.318683384,v,b,c,STAR,DIAMOND,CIRCLE,1,Training,24,21,19
P2,3,2,11,1,c,1.269264084,v,b,c,STAR,DIAMOND,CIRCLE,1,Training,24,21,19
P1,0,0,0,0,b,5.023036521,b,v,c,STAR,DIAMOND,TRIANGLE,1,Training,25,21,19
P2,0,1,1,1,c,4.425365716,b,v,c,STAR,DIAMOND,TRIANGLE,1,Training,25,21,19
Stranger,0,2,2,2,v,2.211978154,b,v,c,STAR,DIAMOND,TRIANGLE,1,Training,25,21,19
Stranger,1,0,3,2,v,2.791152549,b,v,c,STAR,DIAMOND,TRIANGLE,1,Training,25,21,19
P2,1,1,4,1,c,2.619006955,b,v,c,STAR,DIAMOND,TRIANGLE,1,Training,25,21,19
P1,1,2,5,0,b,1.917526721,b,v,c,STAR,DIAMOND,TRIANGLE,1,Training,25,21,19
Stranger,2,0,6,2,v,2.603996561,b,v,c,STAR,DIAMOND,TRIANGLE,1,Training,25,21,19
P2,2,1,7,1,c,2.359180775,b,v,c,STAR,DIAMOND,TRIANGLE,1,Training,25,21,19
P1,2,2,8,0,b,1.756421888,b,v,c,STAR,DIAMOND,TRIANGLE,1,Training,25,21,19
P1,3,0,9,0,b,1.409894993,b,v,c,STAR,DIAMOND,TRIANGLE,1,Training,25,21,19
Stranger,3,1,10,2,v,2.220102978,b,v,c,STAR,DIAMOND,TRIANGLE,1,Training,25,21,19
P2,3,2,11,1,c,2.654587999,b,v,c,STAR,DIAMOND,TRIANGLE,1,Training,25,21,19
Stranger,0,0,0,2,b,4.937749953,v,b,c,PENTAGON,DIAMOND,CIRCLE,1,Training,26,23,25
P2,0,1,1,1,c,2.279707522,v,b,c,PENTAGON,DIAMOND,CIRCLE,1,Training,26,23,25
Stranger,0,2,2,2,b,2.527457404,v,b,c,PENTAGON,DIAMOND,CIRCLE,1,Training,26,23,25
P2,1,0,3,1,c,1.302024731,v,b,c,PENTAGON,DIAMOND,CIRCLE,1,Training,26,23,25
P1,1,1,4,0,v,2.293225997,v,b,c,PENTAGON,DIAMOND,CIRCLE,1,Training,26,23,25
P1,1,2,5,0,v,1.533104117,v,b,c,PENTAGON,DIAMOND,CIRCLE,1,Training,26,23,25
P2,2,0,6,1,b,2.962917167,v,b,c,PENTAGON,DIAMOND,CIRCLE,0,Training,26,23,25
Stranger,2,1,7,2,b,13.91030597,v,b,c,PENTAGON,DIAMOND,CIRCLE,1,Training,26,23,25
Stranger,2,2,8,2,b,2.13395142,v,b,c,PENTAGON,DIAMOND,CIRCLE,1,Training,26,23,25
P1,3,0,9,0,v,1.67594231,v,b,c,PENTAGON,DIAMOND,CIRCLE,1,Training,26,23,25
P2,3,1,10,1,c,1.012492015,v,b,c,PENTAGON,DIAMOND,CIRCLE,1,Training,26,23,25
P1,3,2,11,0,v,2.735586334,v,b,c,PENTAGON,DIAMOND,CIRCLE,1,Training,26,23,25
Stranger,0,0,0,2,b,3.958257123,v,b,c,TRIANGLE,STAR,CIRCLE,1,Training,27,21,29
P2,0,1,1,1,c,2.539510155,v,b,c,TRIANGLE,STAR,CIRCLE,1,Training,27,21,29
P2,0,2,2,1,c,1.577410564,v,b,c,TRIANGLE,STAR,CIRCLE,1,Training,27,21,29
P2,1,0,3,1,c,1.301981005,v,b,c,TRIANGLE,STAR,CIRCLE,1,Training,27,21,29
Stranger,1,1,4,2,b,3.221050712,v,b,c,TRIANGLE,STAR,CIRCLE,1,Training,27,21,29
P1,1,2,5,0,v,2.615537975,v,b,c,TRIANGLE,STAR,CIRCLE,1,Training,27,21,29
P1,2,0,6,0,v,0.826216825,v,b,c,TRIANGLE,STAR,CIRCLE,1,Training,27,21,29
Stranger,2,1,7,2,b,3.076546966,v,b,c,TRIANGLE,STAR,CIRCLE,1,Training,27,21,29
P1,2,2,8,0,v,1.78113957,v,b,c,TRIANGLE,STAR,CIRCLE,1,Training,27,21,29
P2,3,0,9,1,c,2.1931333,v,b,c,TRIANGLE,STAR,CIRCLE,1,Training,27,21,29
Stranger,3,1,10,2,b,2.980797921,v,b,c,TRIANGLE,STAR,CIRCLE,1,Training,27,21,29
P1,3,2,11,0,v,1.528709948,v,b,c,TRIANGLE,STAR,CIRCLE,1,Training,27,21,29
Stranger,0,0,0,2,c,7.67612055,b,c,v,TRIANGLE,PENTAGON,DIAMOND,1,Training,28,22,22
Stranger,0,1,1,2,c,1.789042076,b,c,v,TRIANGLE,PENTAGON,DIAMOND,1,Training,28,22,22
P1,0,2,2,0,b,3.856642208,b,c,v,TRIANGLE,PENTAGON,DIAMOND,1,Training,28,22,22
P1,1,0,3,0,b,2.153979593,b,c,v,TRIANGLE,PENTAGON,DIAMOND,1,Training,28,22,22
P2,1,1,4,1,v,2.927129038,b,c,v,TRIANGLE,PENTAGON,DIAMOND,1,Training,28,22,22
P2,1,2,5,1,v,1.74963936,b,c,v,TRIANGLE,PENTAGON,DIAMOND,1,Training,28,22,22
Stranger,2,0,6,2,c,2.002852351,b,c,v,TRIANGLE,PENTAGON,DIAMOND,1,Training,28,22,22
Stranger,2,1,7,2,c,2.286045232,b,c,v,TRIANGLE,PENTAGON,DIAMOND,1,Training,28,22,22
P1,2,2,8,0,b,1.997891826,b,c,v,TRIANGLE,PENTAGON,DIAMOND,1,Training,28,22,22
P2,3,0,9,1,v,1.553108214,b,c,v,TRIANGLE,PENTAGON,DIAMOND,1,Training,28,22,22
P2,3,1,10,1,v,5.062065584,b,c,v,TRIANGLE,PENTAGON,DIAMOND,1,Training,28,22,22
P1,3,2,11,0,b,1.663406367,b,c,v,TRIANGLE,PENTAGON,DIAMOND,1,Training,28,22,22
P2,0,0,0,1,b,4.901411292,v,c,b,CIRCLE,STAR,TRIANGLE,1,Training,29,21,22
Stranger,0,1,1,2,c,2.388753169,v,c,b,CIRCLE,STAR,TRIANGLE,1,Training,29,21,22
P2,0,2,2,1,b,2.120599385,v,c,b,CIRCLE,STAR,TRIANGLE,1,Training,29,21,22
P2,1,0,3,1,b,1.015212408,v,c,b,CIRCLE,STAR,TRIANGLE,1,Training,29,21,22
Stranger,1,1,4,2,c,1.073805427,v,c,b,CIRCLE,STAR,TRIANGLE,1,Training,29,21,22
P1,1,2,5,0,v,2.930252215,v,c,b,CIRCLE,STAR,TRIANGLE,1,Training,29,21,22
Stranger,2,0,6,2,c,2.000195421,v,c,b,CIRCLE,STAR,TRIANGLE,1,Training,29,21,22
P2,2,1,7,1,b,1.163365703,v,c,b,CIRCLE,STAR,TRIANGLE,1,Training,29,21,22
Stranger,2,2,8,2,c,2.351832098,v,c,b,CIRCLE,STAR,TRIANGLE,1,Training,29,21,22
P1,3,0,9,0,v,1.013135423,v,c,b,CIRCLE,STAR,TRIANGLE,1,Training,29,21,22
P1,3,1,10,0,v,0.759725827,v,c,b,CIRCLE,STAR,TRIANGLE,1,Training,29,21,22
P1,3,2,11,0,v,0.628962202,v,c,b,CIRCLE,STAR,TRIANGLE,1,Training,29,21,22
Stranger,0,0,0,2,b,5.504121614,v,b,c,TRIANGLE,PENTAGON,CIRCLE,1,Training,30,18,18
P1,0,1,1,0,v,5.167189106,v,b,c,TRIANGLE,PENTAGON,CIRCLE,1,Training,30,18,18
P1,0,2,2,0,v,3.003789596,v,b,c,TRIANGLE,PENTAGON,CIRCLE,1,Training,30,18,18
P2,1,0,3,1,c,3.206906626,v,b,c,TRIANGLE,PENTAGON,CIRCLE,1,Training,30,18,18
P2,1,1,4,1,c,2.258172167,v,b,c,TRIANGLE,PENTAGON,CIRCLE,1,Training,30,18,18
Stranger,1,2,5,2,b,1.755330069,v,b,c,TRIANGLE,PENTAGON,CIRCLE,1,Training,30,18,18
P1,2,0,6,0,v,1.69659114,v,b,c,TRIANGLE,PENTAGON,CIRCLE,1,Training,30,18,18
P1,2,1,7,0,v,2.599676351,v,b,c,TRIANGLE,PENTAGON,CIRCLE,1,Training,30,18,18
Stranger,2,2,8,2,b,1.906928892,v,b,c,TRIANGLE,PENTAGON,CIRCLE,1,Training,30,18,18
P2,3,0,9,1,c,1.970104872,v,b,c,TRIANGLE,PENTAGON,CIRCLE,1,Training,30,18,18
Stranger,3,1,10,2,b,3.278560341,v,b,c,TRIANGLE,PENTAGON,CIRCLE,1,Training,30,18,18
P2,3,2,11,1,c,1.791180614,v,b,c,TRIANGLE,PENTAGON,CIRCLE,1,Training,30,18,18
Stranger,0,0,0,2,v,6.06788228,b,v,c,STAR,TRIANGLE,DIAMOND,1,Training,31,20,22
P1,0,1,1,0,b,2.724456255,b,v,c,STAR,TRIANGLE,DIAMOND,1,Training,31,20,22
P1,0,2,2,0,b,2.027054609,b,v,c,STAR,TRIANGLE,DIAMOND,1,Training,31,20,22
P2,1,0,3,1,c,1.653621336,b,v,c,STAR,TRIANGLE,DIAMOND,1,Training,31,20,22
P2,1,1,4,1,c,1.32688627,b,v,c,STAR,TRIANGLE,DIAMOND,1,Training,31,20,22
P1,1,2,5,0,b,1.469413199,b,v,c,STAR,TRIANGLE,DIAMOND,1,Training,31,20,22
P2,2,0,6,1,b,1.84595308,b,v,c,STAR,TRIANGLE,DIAMOND,0,Training,31,20,22
P1,2,1,7,0,b,3.454954781,b,v,c,STAR,TRIANGLE,DIAMOND,1,Training,31,20,22
Stranger,2,2,8,2,v,3.256154391,b,v,c,STAR,TRIANGLE,DIAMOND,1,Training,31,20,22
Stranger,3,0,9,2,c,3.265270897,b,v,c,STAR,TRIANGLE,DIAMOND,0,Training,31,20,22
Stranger,3,1,10,2,v,1.53786911,b,v,c,STAR,TRIANGLE,DIAMOND,1,Training,31,20,22
P2,3,2,11,1,c,1.61578223,b,v,c,STAR,TRIANGLE,DIAMOND,1,Training,31,20,22
P1,0,0,0,0,v,8.075597598,v,c,b,TRIANGLE,PENTAGON,CIRCLE,1,Training,32,24,21
Stranger,0,1,1,2,b,5.324029408,v,c,b,TRIANGLE,PENTAGON,CIRCLE,0,Training,32,24,21
P2,0,2,2,1,b,5.370441651,v,c,b,TRIANGLE,PENTAGON,CIRCLE,1,Training,32,24,21
P2,1,0,3,1,b,2.327099265,v,c,b,TRIANGLE,PENTAGON,CIRCLE,1,Training,32,24,21
P1,1,1,4,0,v,3.701442983,v,c,b,TRIANGLE,PENTAGON,CIRCLE,1,Training,32,24,21
Stranger,1,2,5,2,c,3.132613401,v,c,b,TRIANGLE,PENTAGON,CIRCLE,1,Training,32,24,21
Stranger,2,0,6,2,c,4.45822906,v,c,b,TRIANGLE,PENTAGON,CIRCLE,1,Training,32,24,21
P2,2,1,7,1,b,1.923613225,v,c,b,TRIANGLE,PENTAGON,CIRCLE,1,Training,32,24,21
P1,2,2,8,0,v,2.226088889,v,c,b,TRIANGLE,PENTAGON,CIRCLE,1,Training,32,24,21
P1,3,0,9,0,v,4.844375699,v,c,b,TRIANGLE,PENTAGON,CIRCLE,1,Training,32,24,21
Stranger,3,1,10,2,c,3.310192944,v,c,b,TRIANGLE,PENTAGON,CIRCLE,1,Training,32,24,21
P2,3,2,11,1,b,0.797496424,v,c,b,TRIANGLE,PENTAGON,CIRCLE,1,Training,32,24,21
Stranger,0,0,0,2,c,3.928907397,v,c,b,DIAMOND,CIRCLE,STAR,1,Training,33,21,22
P2,0,1,1,1,b,1.990992816,v,c,b,DIAMOND,CIRCLE,STAR,1,Training,33,21,22
P2,0,2,2,1,b,3.202762914,v,c,b,DIAMOND,CIRCLE,STAR,1,Training,33,21,22
P2,1,0,3,1,b,1.678006678,v,c,b,DIAMOND,CIRCLE,STAR,1,Training,33,21,22
P2,1,1,4,1,b,1.822512079,v,c,b,DIAMOND,CIRCLE,STAR,1,Training,33,21,22
P1,1,2,5,0,v,2.576965927,v,c,b,DIAMOND,CIRCLE,STAR,1,Training,33,21,22
Stranger,2,0,6,2,c,4.197356234,v,c,b,DIAMOND,CIRCLE,STAR,1,Training,33,21,22
Stranger,2,1,7,2,c,3.624454298,v,c,b,DIAMOND,CIRCLE,STAR,1,Training,33,21,22
P1,2,2,8,0,v,3.226904853,v,c,b,DIAMOND,CIRCLE,STAR,1,Training,33,21,22
Stranger,3,0,9,2,c,3.549299283,v,c,b,DIAMOND,CIRCLE,STAR,1,Training,33,21,22
P1,3,1,10,0,v,2.01067755,v,c,b,DIAMOND,CIRCLE,STAR,1,Training,33,21,22
P1,3,2,11,0,v,2.861695996,v,c,b,DIAMOND,CIRCLE,STAR,1,Training,33,21,22
P1,0,0,0,0,b,11.09704151,b,v,c,CIRCLE,PENTAGON,TRIANGLE,1,Training,34,20,21
P2,0,1,1,1,c,5.552342737,b,v,c,CIRCLE,PENTAGON,TRIANGLE,1,Training,34,20,21
P1,0,2,2,0,b,1.821718152,b,v,c,CIRCLE,PENTAGON,TRIANGLE,1,Training,34,20,21
P2,1,0,3,1,c,1.888255247,b,v,c,CIRCLE,PENTAGON,TRIANGLE,1,Training,34,20,21
P1,1,1,4,0,b,1.256145138,b,v,c,CIRCLE,PENTAGON,TRIANGLE,1,Training,34,20,21
Stranger,1,2,5,2,v,2.897254931,b,v,c,CIRCLE,PENTAGON,TRIANGLE,1,Training,34,20,21
Stranger,2,0,6,2,v,2.392425438,b,v,c,CIRCLE,PENTAGON,TRIANGLE,1,Training,34,20,21
Stranger,2,1,7,2,v,1.700302569,b,v,c,CIRCLE,PENTAGON,TRIANGLE,1,Training,34,20,21
P2,2,2,8,1,c,2.731476152,b,v,c,CIRCLE,PENTAGON,TRIANGLE,1,Training,34,20,21
Stranger,3,0,9,2,v,3.065244546,b,v,c,CIRCLE,PENTAGON,TRIANGLE,1,Training,34,20,21
P2,3,1,10,1,c,2.873727683,b,v,c,CIRCLE,PENTAGON,TRIANGLE,1,Training,34,20,21
P1,3,2,11,0,b,1.202396941,b,v,c,CIRCLE,PENTAGON,TRIANGLE,1,Training,34,20,21
Stranger,0,0,0,2,c,4.272887092,b,c,v,TRIANGLE,CIRCLE,STAR,1,Training,35,20,19
P2,0,1,1,1,v,3.305406521,b,c,v,TRIANGLE,CIRCLE,STAR,1,Training,35,20,19
Stranger,0,2,2,2,c,2.520645659,b,c,v,TRIANGLE,CIRCLE,STAR,1,Training,35,20,19
P2,1,0,3,1,v,1.655228352,b,c,v,TRIANGLE,CIRCLE,STAR,1,Training,35,20,19
Stranger,1,1,4,2,c,3.496270793,b,c,v,TRIANGLE,CIRCLE,STAR,1,Training,35,20,19
P1,1,2,5,0,b,2.10349478,b,c,v,TRIANGLE,CIRCLE,STAR,1,Training,35,20,19
P1,2,0,6,0,b,5.046374268,b,c,v,TRIANGLE,CIRCLE,STAR,1,Training,35,20,19
P1,2,1,7,0,b,1.527745207,b,c,v,TRIANGLE,CIRCLE,STAR,1,Training,35,20,19
Stranger,2,2,8,2,c,2.310261281,b,c,v,TRIANGLE,CIRCLE,STAR,1,Training,35,20,19
P2,3,0,9,1,v,1.037542371,b,c,v,TRIANGLE,CIRCLE,STAR,1,Training,35,20,19
P1,3,1,10,0,b,1.255421089,b,c,v,TRIANGLE,CIRCLE,STAR,1,Training,35,20,19
P2,3,2,11,1,v,1.896614183,b,c,v,TRIANGLE,CIRCLE,STAR,1,Training,35,20,19
P1,0,0,0,0,v,2.895094644,v,b,c,TRIANGLE,PENTAGON,STAR,1,Training,1,23,21
P1,0,1,1,0,v,3.742157049,v,b,c,TRIANGLE,PENTAGON,STAR,1,Training,1,23,21
P1,0,2,2,0,v,1.492147475,v,b,c,TRIANGLE,PENTAGON,STAR,1,Training,1,23,21
P2,1,0,3,1,c,1.69199414,v,b,c,TRIANGLE,PENTAGON,STAR,1,Training,1,23,21
Stranger,1,1,4,2,b,1.731899675,v,b,c,TRIANGLE,PENTAGON,STAR,1,Training,1,23,21
Stranger,1,2,5,2,b,2.201734934,v,b,c,TRIANGLE,PENTAGON,STAR,1,Training,1,23,21
P2,2,0,6,1,c,1.628933517,v,b,c,TRIANGLE,PENTAGON,STAR,1,Training,1,23,21
P1,2,1,7,0,v,1.983488794,v,b,c,TRIANGLE,PENTAGON,STAR,1,Training,1,23,21
Stranger,2,2,8,2,b,3.627185397,v,b,c,TRIANGLE,PENTAGON,STAR,1,Training,1,23,21
Stranger,3,0,9,2,b,1.557859493,v,b,c,TRIANGLE,PENTAGON,STAR,1,Training,1,23,21
P2,3,1,10,1,c,1.64306968,v,b,c,TRIANGLE,PENTAGON,STAR,1,Training,1,23,21
P2,3,2,11,1,c,1.468946592,v,b,c,TRIANGLE,PENTAGON,STAR,1,Training,1,23,21
P2,0,0,0,1,c,5.252405666,b,v,c,STAR,PENTAGON,CIRCLE,1,Training,36,21,27
P2,0,1,1,1,c,2.485789454,b,v,c,STAR,PENTAGON,CIRCLE,1,Training,36,21,27
P2,0,2,2,1,c,2.749507102,b,v,c,STAR,PENTAGON,CIRCLE,1,Training,36,21,27
P1,1,0,3,0,b,2.650663764,b,v,c,STAR,PENTAGON,CIRCLE,1,Training,36,21,27
Stranger,1,1,4,2,b,4.739665722,b,v,c,STAR,PENTAGON,CIRCLE,0,Training,36,21,27
Stranger,1,2,5,2,v,1.473709602,b,v,c,STAR,PENTAGON,CIRCLE,1,Training,36,21,27
P1,2,0,6,0,v,7.385667384,b,v,c,STAR,PENTAGON,CIRCLE,0,Training,36,21,27
Stranger,2,1,7,2,c,2.741717062,b,v,c,STAR,PENTAGON,CIRCLE,0,Training,36,21,27
P2,2,2,8,1,c,11.55464161,b,v,c,STAR,PENTAGON,CIRCLE,1,Training,36,21,27
Stranger,3,0,9,2,v,2.05630645,b,v,c,STAR,PENTAGON,CIRCLE,1,Training,36,21,27
P1,3,1,10,0,b,4.161286833,b,v,c,STAR,PENTAGON,CIRCLE,1,Training,36,21,27
P1,3,2,11,0,b,1.390685983,b,v,c,STAR,PENTAGON,CIRCLE,1,Training,36,21,27
P2,0,0,0,1,b,4.701210187,v,c,b,CIRCLE,TRIANGLE,STAR,1,Training,37,24,22
P1,0,1,1,0,v,6.459915484,v,c,b,CIRCLE,TRIANGLE,STAR,1,Training,37,24,22
P1,0,2,2,0,c,6.308860883,v,c,b,CIRCLE,TRIANGLE,STAR,0,Training,37,24,22
P1,1,0,3,0,v,2.068293382,v,c,b,CIRCLE,TRIANGLE,STAR,1,Training,37,24,22
Stranger,1,1,4,2,c,2.588798333,v,c,b,CIRCLE,TRIANGLE,STAR,1,Training,37,24,22
Stranger,1,2,5,2,c,1.328726671,v,c,b,CIRCLE,TRIANGLE,STAR,1,Training,37,24,22
Stranger,2,0,6,2,c,1.159296217,v,c,b,CIRCLE,TRIANGLE,STAR,1,Training,37,24,22
P1,2,1,7,0,v,2.532423634,v,c,b,CIRCLE,TRIANGLE,STAR,1,Training,37,24,22
Stranger,2,2,8,2,c,1.650396881,v,c,b,CIRCLE,TRIANGLE,STAR,1,Training,37,24,22
P2,3,0,9,1,b,2.547476153,v,c,b,CIRCLE,TRIANGLE,STAR,1,Training,37,24,22
P2,3,1,10,1,c,5.576362871,v,c,b,CIRCLE,TRIANGLE,STAR,0,Training,37,24,22
P2,3,2,11,1,b,2.445042989,v,c,b,CIRCLE,TRIANGLE,STAR,1,Training,37,24,22
P2,0,0,0,1,b,4.392854633,c,v,b,DIAMOND,TRIANGLE,STAR,1,Training,38,21,22
Stranger,0,1,1,2,v,3.204604583,c,v,b,DIAMOND,TRIANGLE,STAR,1,Training,38,21,22
P1,0,2,2,0,c,2.007872489,c,v,b,DIAMOND,TRIANGLE,STAR,1,Training,38,21,22
P2,1,0,3,1,b,1.627190783,c,v,b,DIAMOND,TRIANGLE,STAR,1,Training,38,21,22
P1,1,1,4,0,c,2.717646046,c,v,b,DIAMOND,TRIANGLE,STAR,1,Training,38,21,22
P2,1,2,5,1,b,2.732045584,c,v,b,DIAMOND,TRIANGLE,STAR,1,Training,38,21,22
P1,2,0,6,0,c,1.873273094,c,v,b,DIAMOND,TRIANGLE,STAR,1,Training,38,21,22
Stranger,2,1,7,2,v,2.681766823,c,v,b,DIAMOND,TRIANGLE,STAR,1,Training,38,21,22
Stranger,2,2,8,2,v,1.5617083,c,v,b,DIAMOND,TRIANGLE,STAR,1,Training,38,21,22
Stranger,3,0,9,2,v,1.854865657,c,v,b,DIAMOND,TRIANGLE,STAR,1,Training,38,21,22
P2,3,1,10,1,b,1.496132646,c,v,b,DIAMOND,TRIANGLE,STAR,1,Training,38,21,22
P1,3,2,11,0,c,0.783396197,c,v,b,DIAMOND,TRIANGLE,STAR,1,Training,38,21,22
Stranger,0,0,0,2,c,6.225091374,b,c,v,STAR,PENTAGON,DIAMOND,1,Training,39,22,19
P1,0,1,1,0,b,2.411682125,b,c,v,STAR,PENTAGON,DIAMOND,1,Training,39,22,19
Stranger,0,2,2,2,c,5.326598758,b,c,v,STAR,PENTAGON,DIAMOND,1,Training,39,22,19
Stranger,1,0,3,2,c,1.789374093,b,c,v,STAR,PENTAGON,DIAMOND,1,Training,39,22,19
P2,1,1,4,1,v,1.409359186,b,c,v,STAR,PENTAGON,DIAMOND,1,Training,39,22,19
P2,1,2,5,1,v,1.076540132,b,c,v,STAR,PENTAGON,DIAMOND,1,Training,39,22,19
P2,2,0,6,1,v,0.89310414,b,c,v,STAR,PENTAGON,DIAMOND,1,Training,39,22,19
P1,2,1,7,0,b,2.156963014,b,c,v,STAR,PENTAGON,DIAMOND,1,Training,39,22,19
Stranger,2,2,8,2,c,2.17809489,b,c,v,STAR,PENTAGON,DIAMOND,1,Training,39,22,19
P2,3,0,9,1,v,1.406695939,b,c,v,STAR,PENTAGON,DIAMOND,1,Training,39,22,19
P1,3,1,10,0,b,1.769904279,b,c,v,STAR,PENTAGON,DIAMOND,1,Training,39,22,19
P1,3,2,11,0,b,1.254488555,b,c,v,STAR,PENTAGON,DIAMOND,1,Training,39,22,19
P2,0,0,0,1,b,6.070096779,v,c,b,DIAMOND,TRIANGLE,PENTAGON,1,Training,40,20,19
P1,0,1,1,0,v,2.254805176,v,c,b,DIAMOND,TRIANGLE,PENTAGON,1,Training,40,20,19
Stranger,0,2,2,2,c,3.231868324,v,c,b,DIAMOND,TRIANGLE,PENTAGON,1,Training,40,20,19
Stranger,1,0,3,2,c,4.081536977,v,c,b,DIAMOND,TRIANGLE,PENTAGON,1,Training,40,20,19
P1,1,1,4,0,v,2.209513786,v,c,b,DIAMOND,TRIANGLE,PENTAGON,1,Training,40,20,19
P2,1,2,5,1,b,1.636767972,v,c,b,DIAMOND,TRIANGLE,PENTAGON,1,Training,40,20,19
Stranger,2,0,6,2,c,2.462634791,v,c,b,DIAMOND,TRIANGLE,PENTAGON,1,Training,40,20,19
P1,2,1,7,0,v,1.943134183,v,c,b,DIAMOND,TRIANGLE,PENTAGON,1,Training,40,20,19
P2,2,2,8,1,b,1.317052362,v,c,b,DIAMOND,TRIANGLE,PENTAGON,1,Training,40,20,19
P1,3,0,9,0,v,1.267650428,v,c,b,DIAMOND,TRIANGLE,PENTAGON,1,Training,40,20,19
P2,3,1,10,1,b,2.13212012,v,c,b,DIAMOND,TRIANGLE,PENTAGON,1,Training,40,20,19
Stranger,3,2,11,2,c,1.921969145,v,c,b,DIAMOND,TRIANGLE,PENTAGON,1,Training,40,20,19
P2,0,0,0,1,c,2.92192905,v,b,c,PENTAGON,CIRCLE,TRIANGLE,1,Training,41,21,19
P2,0,1,1,1,c,3.096467083,v,b,c,PENTAGON,CIRCLE,TRIANGLE,1,Training,41,21,19
P2,0,2,2,1,c,2.327662538,v,b,c,PENTAGON,CIRCLE,TRIANGLE,1,Training,41,21,19
P1,1,0,3,0,v,1.582164946,v,b,c,PENTAGON,CIRCLE,TRIANGLE,1,Training,41,21,19
Stranger,1,1,4,2,b,1.969981974,v,b,c,PENTAGON,CIRCLE,TRIANGLE,1,Training,41,21,19
P1,1,2,5,0,v,1.485942239,v,b,c,PENTAGON,CIRCLE,TRIANGLE,1,Training,41,21,19
P1,2,0,6,0,v,1.037873207,v,b,c,PENTAGON,CIRCLE,TRIANGLE,1,Training,41,21,19
Stranger,2,1,7,2,b,1.223753226,v,b,c,PENTAGON,CIRCLE,TRIANGLE,1,Training,41,21,19
P1,2,2,8,0,v,1.114327878,v,b,c,PENTAGON,CIRCLE,TRIANGLE,1,Training,41,21,19
P2,3,0,9,1,c,2.016830387,v,b,c,PENTAGON,CIRCLE,TRIANGLE,1,Training,41,21,19
Stranger,3,1,10,2,b,1.339430899,v,b,c,PENTAGON,CIRCLE,TRIANGLE,1,Training,41,21,19
Stranger,3,2,11,2,b,1.057358966,v,b,c,PENTAGON,CIRCLE,TRIANGLE,1,Training,41,21,19
Stranger,0,0,0,2,v,12.76761701,c,v,b,DIAMOND,CIRCLE,STAR,1,Training,42,19,23
Stranger,0,1,1,2,v,3.500546392,c,v,b,DIAMOND,CIRCLE,STAR,1,Training,42,19,23
P1,0,2,2,0,c,2.579849489,c,v,b,DIAMOND,CIRCLE,STAR,1,Training,42,19,23
P2,1,0,3,1,b,2.063590367,c,v,b,DIAMOND,CIRCLE,STAR,1,Training,42,19,23
P2,1,1,4,1,b,2.416080598,c,v,b,DIAMOND,CIRCLE,STAR,1,Training,42,19,23
P2,1,2,5,1,b,1.362730351,c,v,b,DIAMOND,CIRCLE,STAR,1,Training,42,19,23
P1,2,0,6,0,c,1.271316608,c,v,b,DIAMOND,CIRCLE,STAR,1,Training,42,19,23
Stranger,2,1,7,2,v,1.791876597,c,v,b,DIAMOND,CIRCLE,STAR,1,Training,42,19,23
P2,2,2,8,1,b,1.603659803,c,v,b,DIAMOND,CIRCLE,STAR,1,Training,42,19,23
P1,3,0,9,0,c,1.382898312,c,v,b,DIAMOND,CIRCLE,STAR,1,Training,42,19,23
Stranger,3,1,10,2,b,3.378633766,c,v,b,DIAMOND,CIRCLE,STAR,0,Training,42,19,23
P1,3,2,11,0,c,5.982778769,c,v,b,DIAMOND,CIRCLE,STAR,1,Training,42,19,23
P1,0,0,0,0,v,5.134992092,v,c,b,CIRCLE,PENTAGON,TRIANGLE,1,Training,43,23,22
P1,0,1,1,0,v,3.268913508,v,c,b,CIRCLE,PENTAGON,TRIANGLE,1,Training,43,23,22
Stranger,0,2,2,2,c,6.013039592,v,c,b,CIRCLE,PENTAGON,TRIANGLE,1,Training,43,23,22
Stranger,1,0,3,2,c,1.791763687,v,c,b,CIRCLE,PENTAGON,TRIANGLE,1,Training,43,23,22
P1,1,1,4,0,v,1.731787643,v,c,b,CIRCLE,PENTAGON,TRIANGLE,1,Training,43,23,22
Stranger,1,2,5,2,c,4.025329079,v,c,b,CIRCLE,PENTAGON,TRIANGLE,1,Training,43,23,22
P2,2,0,6,1,b,3.61175857,v,c,b,CIRCLE,PENTAGON,TRIANGLE,1,Training,43,23,22
P1,2,1,7,0,v,2.00701151,v,c,b,CIRCLE,PENTAGON,TRIANGLE,1,Training,43,23,22
P2,2,2,8,1,b,1.586388038,v,c,b,CIRCLE,PENTAGON,TRIANGLE,1,Training,43,23,22
P2,3,0,9,1,b,1.534189006,v,c,b,CIRCLE,PENTAGON,TRIANGLE,1,Training,43,23,22
Stranger,3,1,10,2,c,2.675972709,v,c,b,CIRCLE,PENTAGON,TRIANGLE,1,Training,43,23,22
P2,3,2,11,1,b,2.852400613,v,c,b,CIRCLE,PENTAGON,TRIANGLE,1,Training,43,23,22
P1,0,0,0,0,c,4.752835595,c,v,b,TRIANGLE,PENTAGON,CIRCLE,1,Training,44,19,19
Stranger,0,1,1,2,v,4.749828463,c,v,b,TRIANGLE,PENTAGON,CIRCLE,1,Training,44,19,19
P2,0,2,2,1,b,1.555247618,c,v,b,TRIANGLE,PENTAGON,CIRCLE,1,Training,44,19,19
Stranger,1,0,3,2,v,2.632303952,c,v,b,TRIANGLE,PENTAGON,CIRCLE,1,Training,44,19,19
P1,1,1,4,0,c,0.898356006,c,v,b,TRIANGLE,PENTAGON,CIRCLE,1,Training,44,19,19
Stranger,1,2,5,2,v,4.993247474,c,v,b,TRIANGLE,PENTAGON,CIRCLE,1,Training,44,19,19
P1,2,0,6,0,c,1.18125187,c,v,b,TRIANGLE,PENTAGON,CIRCLE,1,Training,44,19,19
P1,2,1,7,0,c,1.617131692,c,v,b,TRIANGLE,PENTAGON,CIRCLE,1,Training,44,19,19
P2,2,2,8,1,b,2.035655264,c,v,b,TRIANGLE,PENTAGON,CIRCLE,1,Training,44,19,19
Stranger,3,0,9,2,v,2.79755213,c,v,b,TRIANGLE,PENTAGON,CIRCLE,1,Training,44,19,19
P2,3,1,10,1,b,1.448684908,c,v,b,TRIANGLE,PENTAGON,CIRCLE,1,Training,44,19,19
P2,3,2,11,1,b,1.201880553,c,v,b,TRIANGLE,PENTAGON,CIRCLE,1,Training,44,19,19
Stranger,0,0,0,2,v,6.346899578,b,v,c,CIRCLE,PENTAGON,TRIANGLE,1,Training,45,18,22
P1,0,1,1,0,b,3.760112405,b,v,c,CIRCLE,PENTAGON,TRIANGLE,1,Training,45,18,22
P2,0,2,2,1,c,1.58145353,b,v,c,CIRCLE,PENTAGON,TRIANGLE,1,Training,45,18,22
Stranger,1,0,3,2,v,3.137215957,b,v,c,CIRCLE,PENTAGON,TRIANGLE,1,Training,45,18,22
Stranger,1,1,4,2,v,5.086734666,b,v,c,CIRCLE,PENTAGON,TRIANGLE,1,Training,45,18,22
P1,1,2,5,0,b,2.646598983,b,v,c,CIRCLE,PENTAGON,TRIANGLE,1,Training,45,18,22
P2,2,0,6,1,c,3.183880792,b,v,c,CIRCLE,PENTAGON,TRIANGLE,1,Training,45,18,22
P2,2,1,7,1,c,2.267688468,b,v,c,CIRCLE,PENTAGON,TRIANGLE,1,Training,45,18,22
Stranger,2,2,8,2,v,2.060254373,b,v,c,CIRCLE,PENTAGON,TRIANGLE,1,Training,45,18,22
P1,3,0,9,0,b,1.349459411,b,v,c,CIRCLE,PENTAGON,TRIANGLE,1,Training,45,18,22
P1,3,1,10,0,b,1.530667854,b,v,c,CIRCLE,PENTAGON,TRIANGLE,1,Training,45,18,22
P2,3,2,11,1,c,1.23188792,b,v,c,CIRCLE,PENTAGON,TRIANGLE,1,Training,45,18,22
P2,0,0,0,1,b,4.210285641,v,c,b,TRIANGLE,CIRCLE,STAR,1,Training,2,21,22
P2,0,1,1,1,b,1.837579209,v,c,b,TRIANGLE,CIRCLE,STAR,1,Training,2,21,22
Stranger,0,2,2,2,c,2.615379271,v,c,b,TRIANGLE,CIRCLE,STAR,1,Training,2,21,22
P1,1,0,3,0,v,2.641863208,v,c,b,TRIANGLE,CIRCLE,STAR,1,Training,2,21,22
P2,1,1,4,1,b,2.019728726,v,c,b,TRIANGLE,CIRCLE,STAR,1,Training,2,21,22
Stranger,1,2,5,2,c,1.958291864,v,c,b,TRIANGLE,CIRCLE,STAR,1,Training,2,21,22
P1,2,0,6,0,b,1.555512085,v,c,b,TRIANGLE,CIRCLE,STAR,0,Training,2,21,22
P2,2,1,7,1,b,4.024424725,v,c,b,TRIANGLE,CIRCLE,STAR,1,Training,2,21,22
P1,2,2,8,0,v,2.44308405,v,c,b,TRIANGLE,CIRCLE,STAR,1,Training,2,21,22
Stranger,3,0,9,2,c,6.300477259,v,c,b,TRIANGLE,CIRCLE,STAR,1,Training,2,21,22
P1,3,1,10,0,v,5.163525012,v,c,b,TRIANGLE,CIRCLE,STAR,1,Training,2,21,22
Stranger,3,2,11,2,c,3.280124374,v,c,b,TRIANGLE,CIRCLE,STAR,1,Training,2,21,22
P2,0,0,0,1,v,6.448586999,c,b,v,PENTAGON,TRIANGLE,STAR,1,Training,46,19,22
P2,0,1,1,1,v,1.721717283,c,b,v,PENTAGON,TRIANGLE,STAR,1,Training,46,19,22
Stranger,0,2,2,2,b,3.416115339,c,b,v,PENTAGON,TRIANGLE,STAR,1,Training,46,19,22
P1,1,0,3,0,c,1.658710024,c,b,v,PENTAGON,TRIANGLE,STAR,1,Training,46,19,22
P2,1,1,4,1,v,2.459971228,c,b,v,PENTAGON,TRIANGLE,STAR,1,Training,46,19,22
P1,1,2,5,0,c,1.765085208,c,b,v,PENTAGON,TRIANGLE,STAR,1,Training,46,19,22
Stranger,2,0,6,2,b,4.769320539,c,b,v,PENTAGON,TRIANGLE,STAR,1,Training,46,19,22
P1,2,1,7,0,c,1.646036799,c,b,v,PENTAGON,TRIANGLE,STAR,1,Training,46,19,22
P2,2,2,8,1,v,1.335224388,c,b,v,PENTAGON,TRIANGLE,STAR,1,Training,46,19,22
P1,3,0,9,0,c,0.933162467,c,b,v,PENTAGON,TRIANGLE,STAR,1,Training,46,19,22
Stranger,3,1,10,2,v,1.211071711,c,b,v,PENTAGON,TRIANGLE,STAR,0,Training,46,19,22
Stranger,3,2,11,2,b,2.806179525,c,b,v,PENTAGON,TRIANGLE,STAR,1,Training,46,19,22
P2,0,0,0,1,b,5.670443864,v,c,b,CIRCLE,DIAMOND,TRIANGLE,1,Training,3,21,22
P1,0,1,1,0,v,3.06305786,v,c,b,CIRCLE,DIAMOND,TRIANGLE,1,Training,3,21,22
Stranger,0,2,2,2,c,3.111559897,v,c,b,CIRCLE,DIAMOND,TRIANGLE,1,Training,3,21,22
Stranger,1,0,3,2,c,3.01466202,v,c,b,CIRCLE,DIAMOND,TRIANGLE,1,Training,3,21,22
P2,1,1,4,1,b,2.985203357,v,c,b,CIRCLE,DIAMOND,TRIANGLE,1,Training,3,21,22
P1,1,2,5,0,v,3.116904533,v,c,b,CIRCLE,DIAMOND,TRIANGLE,1,Training,3,21,22
P2,2,0,6,1,b,3.107418179,v,c,b,CIRCLE,DIAMOND,TRIANGLE,1,Training,3,21,22
P1,2,1,7,0,v,2.76258297,v,c,b,CIRCLE,DIAMOND,TRIANGLE,1,Training,3,21,22
Stranger,2,2,8,2,c,1.703164658,v,c,b,CIRCLE,DIAMOND,TRIANGLE,1,Training,3,21,22
P1,3,0,9,0,v,3.366218096,v,c,b,CIRCLE,DIAMOND,TRIANGLE,1,Training,3,21,22
Stranger,3,1,10,2,c,1.650844234,v,c,b,CIRCLE,DIAMOND,TRIANGLE,1,Training,3,21,22
P2,3,2,11,1,b,3.459886214,v,c,b,CIRCLE,DIAMOND,TRIANGLE,1,Training,3,21,22
Stranger,0,0,0,2,b,4.857787207,v,b,c,DIAMOND,STAR,CIRCLE,1,Training,4,23,24
P2,0,1,1,1,c,3.338918921,v,b,c,DIAMOND,STAR,CIRCLE,1,Training,4,23,24
Stranger,0,2,2,2,b,1.768888913,v,b,c,DIAMOND,STAR,CIRCLE,1,Training,4,23,24
P1,1,0,3,0,v,2.629332647,v,b,c,DIAMOND,STAR,CIRCLE,1,Training,4,23,24
P2,1,1,4,1,c,1.615281758,v,b,c,DIAMOND,STAR,CIRCLE,1,Training,4,23,24
P1,1,2,5,0,v,9.224951609,v,b,c,DIAMOND,STAR,CIRCLE,1,Training,4,23,24
P2,2,0,6,1,c,1.651940954,v,b,c,DIAMOND,STAR,CIRCLE,1,Training,4,23,24
P1,2,1,7,0,v,1.845118865,v,b,c,DIAMOND,STAR,CIRCLE,1,Training,4,23,24
P2,2,2,8,1,c,1.942953967,v,b,c,DIAMOND,STAR,CIRCLE,1,Training,4,23,24
Stranger,3,0,9,2,b,1.500900708,v,b,c,DIAMOND,STAR,CIRCLE,1,Training,4,23,24
Stranger,3,1,10,2,b,1.796139134,v,b,c,DIAMOND,STAR,CIRCLE,1,Training,4,23,24
P1,3,2,11,0,v,2.023246679,v,b,c,DIAMOND,STAR,CIRCLE,1,Training,4,23,24
P2,0,0,0,1,c,5.138881574,v,b,c,CIRCLE,PENTAGON,TRIANGLE,1,Training,5,25,23
P2,0,1,1,1,c,4.360759761,v,b,c,CIRCLE,PENTAGON,TRIANGLE,1,Training,5,25,23
P1,0,2,2,0,v,2.398024167,v,b,c,CIRCLE,PENTAGON,TRIANGLE,1,Training,5,25,23
P2,1,0,3,1,c,5.31287833,v,b,c,CIRCLE,PENTAGON,TRIANGLE,1,Training,5,25,23
P1,1,1,4,0,v,1.879594095,v,b,c,CIRCLE,PENTAGON,TRIANGLE,1,Training,5,25,23
P2,1,2,5,1,c,1.943446662,v,b,c,CIRCLE,PENTAGON,TRIANGLE,1,Training,5,25,23
P1,2,0,6,0,v,1.981337991,v,b,c,CIRCLE,PENTAGON,TRIANGLE,1,Training,5,25,23
Stranger,2,1,7,2,b,2.145175675,v,b,c,CIRCLE,PENTAGON,TRIANGLE,1,Training,5,25,23
Stranger,2,2,8,2,b,1.839060058,v,b,c,CIRCLE,PENTAGON,TRIANGLE,1,Training,5,25,23
P1,3,0,9,0,v,2.544835447,v,b,c,CIRCLE,PENTAGON,TRIANGLE,1,Training,5,25,23
Stranger,3,1,10,2,b,1.886777652,v,b,c,CIRCLE,PENTAGON,TRIANGLE,1,Training,5,25,23
Stranger,3,2,11,2,b,1.24668704,v,b,c,CIRCLE,PENTAGON,TRIANGLE,1,Training,5,25,23
Stranger,0,0,0,2,v,5.336798517,c,v,b,STAR,CIRCLE,DIAMOND,1,Training,6,23,21
P2,0,1,1,1,b,3.750642221,c,v,b,STAR,CIRCLE,DIAMOND,1,Training,6,23,21
P1,0,2,2,0,c,2.403863471,c,v,b,STAR,CIRCLE,DIAMOND,1,Training,6,23,21
Stranger,1,0,3,2,v,2.079019916,c,v,b,STAR,CIRCLE,DIAMOND,1,Training,6,23,21
Stranger,1,1,4,2,v,1.231670501,c,v,b,STAR,CIRCLE,DIAMOND,1,Training,6,23,21
P1,1,2,5,0,c,3.017380923,c,v,b,STAR,CIRCLE,DIAMOND,1,Training,6,23,21
P1,2,0,6,0,c,1.995923027,c,v,b,STAR,CIRCLE,DIAMOND,1,Training,6,23,21
P2,2,1,7,1,b,1.991816051,c,v,b,STAR,CIRCLE,DIAMOND,1,Training,6,23,21
Stranger,2,2,8,2,v,1.755695503,c,v,b,STAR,CIRCLE,DIAMOND,1,Training,6,23,21
P1,3,0,9,0,c,1.600879903,c,v,b,STAR,CIRCLE,DIAMOND,1,Training,6,23,21
P2,3,1,10,1,b,1.724137359,c,v,b,STAR,CIRCLE,DIAMOND,1,Training,6,23,21
P2,3,2,11,1,b,0.898764591,c,v,b,STAR,CIRCLE,DIAMOND,1,Training,6,23,21