<?xml version="1.0"?>
<?xml-stylesheet type="text/xsl" href="advisor.xsl"?>
<Report xmlns:dt="urn:schemas-microsoft-com:datatypes"><ExperimentInfo><ExperimentName dt:dt="string">conjunctSPE_short</ExperimentName><SessionDate dt:dt="string">05-02-2019</SessionDate><SessionTime dt:dt="string">12:37:03</SessionTime><Subject dt:dt="int">21</Subject><Session dt:dt="int">21</Session><Group dt:dt="int">1</Group><TestMode dt:dt="boolean">0</TestMode><ElapsedTime dt:dt="string">13 Minutes, 45 Seconds</ElapsedTime></ExperimentInfo><TimeAuditInfo><TimeAuditObjects><TimeAuditObject><Name dt:dt="string">DotProbe</Name></TimeAuditObject><TimeAuditObject><Name dt:dt="string">dp01</Name></TimeAuditObject><TimeAuditObject><Name dt:dt="string">dp02</Name></TimeAuditObject><TimeAuditObject><Name dt:dt="string">dp03</Name><OnsetToOnsetStats/><OnsetDelayStats><Name dt:dt="string">dp03</Name><Mean dt:dt="r8">-0.214285714285714</Mean><N dt:dt="int">28</N><StdDevP dt:dt="r8">0.410325903324145</StdDevP><StdDevS dt:dt="r8">0.417855447018673</StdDevS><Min dt:dt="r8">-1</Min><Max dt:dt="r8">0</Max></OnsetDelayStats><LoadTimeStats><Name dt:dt="string">dp03</Name><Mean dt:dt="r8">0</Mean><N dt:dt="int">0</N><StdDevP dt:dt="r8">0</StdDevP><StdDevS dt:dt="r8">0</StdDevS><Min dt:dt="r8">1.79769313486232E+308</Min><Max dt:dt="r8">-1.79769313486232E+308</Max></LoadTimeStats></TimeAuditObject><TimeAuditObject><Name dt:dt="string">dp04</Name></TimeAuditObject><TimeAuditObject><Name dt:dt="string">dp1</Name></TimeAuditObject><TimeAuditObject><Name dt:dt="string">dp2</Name></TimeAuditObject><TimeAuditObject><Name dt:dt="string">dp3</Name><OnsetToOnsetStats/><OnsetDelayStats><Name dt:dt="string">dp3</Name><Mean dt:dt="r8">-0.142857142857143</Mean><N dt:dt="int">28</N><StdDevP dt:dt="r8">0.349927106111883</StdDevP><StdDevS dt:dt="r8">0.356348322549899</StdDevS><Min dt:dt="r8">-1</Min><Max dt:dt="r8">0</Max></OnsetDelayStats><LoadTimeStats><Name dt:dt="string">dp3</Name><Mean dt:dt="r8">0</Mean><N dt:dt="int">0</N><StdDevP dt:dt="r8">0</StdDevP><StdDevS dt:dt="r8">0</StdDevS><Min dt:dt="r8">1.79769313486232E+308</Min><Max dt:dt="r8">-1.79769313486232E+308</Max></LoadTimeStats></TimeAuditObject><TimeAuditObject><Name dt:dt="string">dp4</Name></TimeAuditObject><TimeAuditObject><Name dt:dt="string">dp5</Name></TimeAuditObject><TimeAuditObject><Name dt:dt="string">dp6</Name></TimeAuditObject><TimeAuditObject><Name dt:dt="string">dp7</Name><OnsetToOnsetStats/><OnsetDelayStats><Name dt:dt="string">dp7</Name><Mean dt:dt="r8">-7.14285714285714E-02</Mean><N dt:dt="int">28</N><StdDevP dt:dt="r8">0.257539376818856</StdDevP><StdDevS dt:dt="r8">0.262265264156481</StdDevS><Min dt:dt="r8">-1</Min><Max dt:dt="r8">0</Max></OnsetDelayStats><LoadTimeStats><Name dt:dt="string">dp7</Name><Mean dt:dt="r8">0</Mean><N dt:dt="int">0</N><StdDevP dt:dt="r8">0</StdDevP><StdDevS dt:dt="r8">0</StdDevS><Min dt:dt="r8">1.79769313486232E+308</Min><Max dt:dt="r8">-1.79769313486232E+308</Max></LoadTimeStats></TimeAuditObject><TimeAuditObject><Name dt:dt="string">dp8</Name></TimeAuditObject><TimeAuditObject><Name dt:dt="string">FeedbackDisplay1</Name></TimeAuditObject><TimeAuditObject><Name dt:dt="string">FeedbackDisplay2</Name></TimeAuditObject><TimeAuditObject><Name dt:dt="string">InsGeneral</Name></TimeAuditObject><TimeAuditObject><Name dt:dt="string">Last</Name></TimeAuditObject><TimeAuditObject><Name dt:dt="string">Manipulation</Name></TimeAuditObject><TimeAuditObject><Name dt:dt="string">match01</Name></TimeAuditObject><TimeAuditObject><Name dt:dt="string">match02</Name></TimeAuditObject><TimeAuditObject><Name dt:dt="string">match03</Name><OnsetToOnsetStats/><OnsetDelayStats><Name dt:dt="string">match03</Name><Mean dt:dt="r8">-1.015625</Mean><N dt:dt="int">128</N><StdDevP dt:dt="r8">0.124019592706153</StdDevP><StdDevS dt:dt="r8">0.124506901430953</StdDevS><Min dt:dt="r8">-2</Min><Max dt:dt="r8">-1</Max></OnsetDelayStats><LoadTimeStats><Name dt:dt="string">match03</Name><Mean dt:dt="r8">1</Mean><N dt:dt="int">128</N><StdDevP dt:dt="r8">0</StdDevP><StdDevS dt:dt="r8">0</StdDevS><Min dt:dt="r8">1</Min><Max dt:dt="r8">1</Max></LoadTimeStats></TimeAuditObject><TimeAuditObject><Name dt:dt="string">MatchTask</Name></TimeAuditObject><TimeAuditObject><Name dt:dt="string">prac1</Name></TimeAuditObject><TimeAuditObject><Name dt:dt="string">prac2</Name></TimeAuditObject><TimeAuditObject><Name dt:dt="string">prac3</Name><OnsetToOnsetStats/><OnsetDelayStats><Name dt:dt="string">prac3</Name><Mean dt:dt="r8">-1</Mean><N dt:dt="int">4</N><StdDevP dt:dt="r8">0</StdDevP><StdDevS dt:dt="r8">0</StdDevS><Min dt:dt="r8">-1</Min><Max dt:dt="r8">-1</Max></OnsetDelayStats><LoadTimeStats><Name dt:dt="string">prac3</Name><Mean dt:dt="r8">1</Mean><N dt:dt="int">4</N><StdDevP dt:dt="r8">0</StdDevP><StdDevS dt:dt="r8">0</StdDevS><Min dt:dt="r8">1</Min><Max dt:dt="r8">1</Max></LoadTimeStats></TimeAuditObject><TimeAuditObject><Name dt:dt="string">Practice</Name></TimeAuditObject><TimeAuditObject><Name dt:dt="string">Welcome</Name></TimeAuditObject></TimeAuditObjects></TimeAuditInfo><AdvisorModules><AdvisorModule><Present dt:dt="boolean">1</Present><Enabled dt:dt="boolean">1</Enabled><Caption dt:dt="string">Object in experiment does not run</Caption><Description dt:dt="string">An object was created from the Toolbox in E-Studio or with E-Basic but never runs on a Procedure or through InLine script.</Description><DefinitionGuid dt:dt="string">{977A0731-ED4F-4772-BF32-4E8B2870EAED}</DefinitionGuid></AdvisorModule><AdvisorModule><Present dt:dt="boolean">1</Present><Enabled dt:dt="boolean">1</Enabled><Caption dt:dt="string">Volatile Clock</Caption><Description dt:dt="string">The E-Prime Primary Clock is configured in a way that could cause timing inconsistencies. Contact PST Tech Support to configure the clock for more stabilized performance when this finding is detected.</Description><DefinitionGuid dt:dt="string">{60BEA5C4-6FE8-4EB7-8915-AAACF8258404}</DefinitionGuid></AdvisorModule><AdvisorModule><Present dt:dt="boolean">1</Present><Enabled dt:dt="boolean">1</Enabled><Caption dt:dt="string">Procedure ends with pending InputMask objects</Caption><Description dt:dt="string">There are input masks that continue to collect responses at the end of a Procedure. To ensure that responses are collected and properly logged, set the TimeLimit property to (until feedback) or (end of proc) and the Procedure.ProcessPendingInputMasks property to All or Last.</Description><DefinitionGuid dt:dt="string">{E87CD980-15BD-4393-8583-E0E7BCC5DF3A}</DefinitionGuid></AdvisorModule><AdvisorModule><Present dt:dt="boolean">1</Present><Enabled dt:dt="boolean">1</Enabled><Caption dt:dt="string">Movie and audio stimuli not mapped</Caption><Description dt:dt="string">A movie or audio file is not using mappings available through Codec Config. Failure to map movie or audio files to specific codecs can negatively affect timing and performance of movies and sounds while running the experiment.</Description><DefinitionGuid dt:dt="string">{72A59214-3F45-4B98-84BC-4E63903B8374}</DefinitionGuid></AdvisorModule><AdvisorModule><Present dt:dt="boolean">1</Present><Enabled dt:dt="boolean">1</Enabled><Caption dt:dt="string">Duration not divisible by refresh rate</Caption><Description dt:dt="string">An object with its OnsetSync property set to (vertical blank) has a Duration value that is not divisible by the DisplayDevice calulated refresh rate, which can lead to larger OnsetDelay and other timing issues.</Description><DefinitionGuid dt:dt="string">{4AD2EB1F-8E4A-4B24-A38C-1E0EE032A9EC}</DefinitionGuid></AdvisorModule><AdvisorModule><Present dt:dt="boolean">1</Present><Enabled dt:dt="boolean">1</Enabled><Caption dt:dt="string">Non-Visual object using OnsetSync or OffsetSync</Caption><Description dt:dt="string">A non-visual object (SoundOut, SoundIn, Wait) has either of its OnsetSync or OffsetSync properties set to (vertical blank) which is usually unnecessary unless syncing with external equipment.</Description><DefinitionGuid dt:dt="string">{E1AF242F-4142-48EC-9FEE-2A47AF3176FD}</DefinitionGuid></AdvisorModule><AdvisorModule><Present dt:dt="boolean">1</Present><Enabled dt:dt="boolean">1</Enabled><Caption dt:dt="string">Text object has matching BackColor and ForeColor</Caption><Description dt:dt="string">A TextDisplay or SlideText object has BackStyle set to opaque with identical values for BackColor and ForeColor, which can lead to an object not being visible during an experiment.</Description><DefinitionGuid dt:dt="string">{6C660ACC-674E-4E8F-9CEF-B5D1E6799E17}</DefinitionGuid></AdvisorModule><AdvisorModule><Present dt:dt="boolean">1</Present><Enabled dt:dt="boolean">1</Enabled><Caption dt:dt="string">Use of ClearAfter</Caption><Description dt:dt="string">An object has its ClearAfter property set to Yes. ClearAfter is a deprecated property.</Description><DefinitionGuid dt:dt="string">{802B9EB1-1D9C-4B1D-A36C-05748B9F93C9}</DefinitionGuid></AdvisorModule><AdvisorModule><Present dt:dt="boolean">1</Present><Enabled dt:dt="boolean">1</Enabled><Caption dt:dt="string">Use of Stretch</Caption><Description dt:dt="string">A visual object has its Stretch property set to Yes, which can cause display timing anomalies.  Instead of using Stretch, consider editing the source material to match the size and proportions you want to display during the experiment.</Description><DefinitionGuid dt:dt="string">{9FA8794D-625C-49A0-BF1B-C1244A18FB28}</DefinitionGuid></AdvisorModule><AdvisorModule><Present dt:dt="boolean">1</Present><Enabled dt:dt="boolean">1</Enabled><Caption dt:dt="string">Display adapter set to clone mode</Caption><Description dt:dt="string">The display adapter of the machine is set to clone or mirror mode. Mirroring can cause timing issues since vertical blank synchronization is not accurate between multiple displays, and determining which display is considered primary can cause confusion and may not be consistent between computer configurations.</Description><DefinitionGuid dt:dt="string">{08B7EA85-6E98-407F-BB95-BEEC0254B9D1}</DefinitionGuid></AdvisorModule><AdvisorModule><Present dt:dt="boolean">1</Present><Enabled dt:dt="boolean">1</Enabled><Caption dt:dt="string">Large OnsetDelay</Caption><Description dt:dt="string">An object is collecting OnsetDelay Stats and has an OnsetDelay that is larger than a single refresh. Setting the Duration property to a value divisible by the refresh rate and the PreRelease property to (same as duration) will typically reduce OnsetDelay values.</Description><DefinitionGuid dt:dt="string">{F2B71F0D-E54F-447A-A362-FA8188103FD0}</DefinitionGuid></AdvisorModule><AdvisorModule><Present dt:dt="boolean">1</Present><Enabled dt:dt="boolean">1</Enabled><Caption dt:dt="string">Use of WaitForVerticalBlank when FlippingEnabled</Caption><Description dt:dt="string">The DisplayDevice.WaitForVerticalBlank E-Basic command is used when the DisplayDevice.FlippingEnabled property is set to Yes/True.  Calling WaitForVerticalBlank while flipping is enabled can cause timing concerns.</Description><DefinitionGuid dt:dt="string">{5762C01F-C62A-4DEE-A697-D59AF3626A6D}</DefinitionGuid></AdvisorModule><AdvisorModule><Present dt:dt="boolean">1</Present><Enabled dt:dt="boolean">1</Enabled><Caption dt:dt="string">Direct Canvas Commands</Caption><Description dt:dt="string">Detects when a Canvas command other than Copy is invoked that would directly alter the screen contents.  It is recommended to perform all Canvas drawing on an offscreen Canvas and then use the Copy method to display the contents to the screen.</Description><DefinitionGuid dt:dt="string">{E940F3DA-590B-4BD2-A7CA-B40803826403}</DefinitionGuid></AdvisorModule><AdvisorModule><Present dt:dt="boolean">1</Present><Enabled dt:dt="boolean">1</Enabled><Caption dt:dt="string">Evaluate SoundDevice.API</Caption><Description dt:dt="string">Detects when a SoundDevice is using the DirectSound(TM) API on Windows Vista or later which typically cannot achieve latency values under 30ms. ASIO or CoreAudio recommended for Windows Vista or later.  Use SoundTester to choose the most appropriate API for the experiment computer.</Description><DefinitionGuid dt:dt="string">{DBB1E77E-A3EA-4E7C-B6D5-A792F6EB6802}</DefinitionGuid></AdvisorModule><AdvisorModule><Present dt:dt="boolean">1</Present><Enabled dt:dt="boolean">1</Enabled><Caption dt:dt="string">Operating System not verified</Caption><Description dt:dt="string">Detects if the operating system used to run the experiment has not been verified by PST.  When a new edition of an Operating System, patch, or service pack is released after E-Prime, there is a possibility the timing and compatibility characteristics have changed.  Check www.pstnet.com for more info regarding this operating system and its usage characteristics with E-Prime.</Description><DefinitionGuid dt:dt="string">{0CC004EC-9AD9-4350-B7C5-5EA0D778483D}</DefinitionGuid></AdvisorModule></AdvisorModules><AdvisorModuleFindings><AdvisorModuleFinding><AdvisorModuleCaption dt:dt="string">Evaluate SoundDevice.API</AdvisorModuleCaption><AdvisorModuleDefinitionGuid dt:dt="string">{DBB1E77E-A3EA-4E7C-B6D5-A792F6EB6802}</AdvisorModuleDefinitionGuid><Category dt:dt="string">Design</Category><Message dt:dt="string">The 'Sound' device is using the DirectSound API on Windows Vista or later which typically cannot achieve latency values under 30ms. CoreAudio or ASIO APIs are recommended for Windows Vista or later.</Message><MessageUrlEscape dt:dt="string">The%20'Sound'%20device%20is%20using%20the%20DirectSound%20API%20on%20Windows%20Vista%20or%20later%20which%20typically%20cannot%20achieve%20latency%20values%20under%2030ms.%20CoreAudio%20or%20ASIO%20APIs%20are%20recommended%20for%20Windows%20Vista%20or%20later.</MessageUrlEscape><MessageCount dt:dt="int">1</MessageCount></AdvisorModuleFinding><AdvisorModuleFinding><AdvisorModuleCaption dt:dt="string">Duration not divisible by refresh rate</AdvisorModuleCaption><AdvisorModuleDefinitionGuid dt:dt="string">{4AD2EB1F-8E4A-4B24-A38C-1E0EE032A9EC}</AdvisorModuleDefinitionGuid><Category dt:dt="string">Timing</Category><Message dt:dt="string">The 'dp01' object has its OnsetSync property set to (vertical blank) and a Duration value (500) that is not divisible by the DisplayDevice calculated refresh rate, which can lead to larger OnsetDelay and other timing issues.  (Requested: (unspecified), Calculated: 60.06Hz/16.65ms, Suggested: low=499, high=516)</Message><MessageUrlEscape dt:dt="string">The%20'dp01'%20object%20has%20its%20OnsetSync%20property%20set%20to%20(vertical%20blank)%20and%20a%20Duration%20value%20(500)%20that%20is%20not%20divisible%20by%20the%20DisplayDevice%20calculated%20refresh%20rate,%20which%20can%20lead%20to%20larger%20OnsetDelay%20and%20other%20timing%20issues.%20%20(Requested:%20(unspecified),%20Calculated:%2060.06Hz%2F16.65ms,%20Suggested:%20low=499,%20high=516)</MessageUrlEscape><MessageCount dt:dt="int">28</MessageCount></AdvisorModuleFinding><AdvisorModuleFinding><AdvisorModuleCaption dt:dt="string">Duration not divisible by refresh rate</AdvisorModuleCaption><AdvisorModuleDefinitionGuid dt:dt="string">{4AD2EB1F-8E4A-4B24-A38C-1E0EE032A9EC}</AdvisorModuleDefinitionGuid><Category dt:dt="string">Timing</Category><Message dt:dt="string">The 'dp02' object has its OnsetSync property set to (vertical blank) and a Duration value (100) that is not divisible by the DisplayDevice calculated refresh rate, which can lead to larger OnsetDelay and other timing issues.  (Requested: (unspecified), Calculated: 60.06Hz/16.65ms, Suggested: low=99, high=116)</Message><MessageUrlEscape dt:dt="string">The%20'dp02'%20object%20has%20its%20OnsetSync%20property%20set%20to%20(vertical%20blank)%20and%20a%20Duration%20value%20(100)%20that%20is%20not%20divisible%20by%20the%20DisplayDevice%20calculated%20refresh%20rate,%20which%20can%20lead%20to%20larger%20OnsetDelay%20and%20other%20timing%20issues.%20%20(Requested:%20(unspecified),%20Calculated:%2060.06Hz%2F16.65ms,%20Suggested:%20low=99,%20high=116)</MessageUrlEscape><MessageCount dt:dt="int">28</MessageCount></AdvisorModuleFinding><AdvisorModuleFinding><AdvisorModuleCaption dt:dt="string">Duration not divisible by refresh rate</AdvisorModuleCaption><AdvisorModuleDefinitionGuid dt:dt="string">{4AD2EB1F-8E4A-4B24-A38C-1E0EE032A9EC}</AdvisorModuleDefinitionGuid><Category dt:dt="string">Timing</Category><Message dt:dt="string">The 'dp04' object has its OnsetSync property set to (vertical blank) and a Duration value (1000) that is not divisible by the DisplayDevice calculated refresh rate, which can lead to larger OnsetDelay and other timing issues.  (Requested: (unspecified), Calculated: 60.06Hz/16.65ms, Suggested: low=998, high=1015)</Message><MessageUrlEscape dt:dt="string">The%20'dp04'%20object%20has%20its%20OnsetSync%20property%20set%20to%20(vertical%20blank)%20and%20a%20Duration%20value%20(1000)%20that%20is%20not%20divisible%20by%20the%20DisplayDevice%20calculated%20refresh%20rate,%20which%20can%20lead%20to%20larger%20OnsetDelay%20and%20other%20timing%20issues.%20%20(Requested:%20(unspecified),%20Calculated:%2060.06Hz%2F16.65ms,%20Suggested:%20low=998,%20high=1015)</MessageUrlEscape><MessageCount dt:dt="int">28</MessageCount></AdvisorModuleFinding><AdvisorModuleFinding><AdvisorModuleCaption dt:dt="string">Duration not divisible by refresh rate</AdvisorModuleCaption><AdvisorModuleDefinitionGuid dt:dt="string">{4AD2EB1F-8E4A-4B24-A38C-1E0EE032A9EC}</AdvisorModuleDefinitionGuid><Category dt:dt="string">Timing</Category><Message dt:dt="string">The 'dp5' object has its OnsetSync property set to (vertical blank) and a Duration value (500) that is not divisible by the DisplayDevice calculated refresh rate, which can lead to larger OnsetDelay and other timing issues.  (Requested: (unspecified), Calculated: 60.06Hz/16.65ms, Suggested: low=499, high=516)</Message><MessageUrlEscape dt:dt="string">The%20'dp5'%20object%20has%20its%20OnsetSync%20property%20set%20to%20(vertical%20blank)%20and%20a%20Duration%20value%20(500)%20that%20is%20not%20divisible%20by%20the%20DisplayDevice%20calculated%20refresh%20rate,%20which%20can%20lead%20to%20larger%20OnsetDelay%20and%20other%20timing%20issues.%20%20(Requested:%20(unspecified),%20Calculated:%2060.06Hz%2F16.65ms,%20Suggested:%20low=499,%20high=516)</MessageUrlEscape><MessageCount dt:dt="int">28</MessageCount></AdvisorModuleFinding><AdvisorModuleFinding><AdvisorModuleCaption dt:dt="string">Duration not divisible by refresh rate</AdvisorModuleCaption><AdvisorModuleDefinitionGuid dt:dt="string">{4AD2EB1F-8E4A-4B24-A38C-1E0EE032A9EC}</AdvisorModuleDefinitionGuid><Category dt:dt="string">Timing</Category><Message dt:dt="string">The 'dp6' object has its OnsetSync property set to (vertical blank) and a Duration value (100) that is not divisible by the DisplayDevice calculated refresh rate, which can lead to larger OnsetDelay and other timing issues.  (Requested: (unspecified), Calculated: 60.06Hz/16.65ms, Suggested: low=99, high=116)</Message><MessageUrlEscape dt:dt="string">The%20'dp6'%20object%20has%20its%20OnsetSync%20property%20set%20to%20(vertical%20blank)%20and%20a%20Duration%20value%20(100)%20that%20is%20not%20divisible%20by%20the%20DisplayDevice%20calculated%20refresh%20rate,%20which%20can%20lead%20to%20larger%20OnsetDelay%20and%20other%20timing%20issues.%20%20(Requested:%20(unspecified),%20Calculated:%2060.06Hz%2F16.65ms,%20Suggested:%20low=99,%20high=116)</MessageUrlEscape><MessageCount dt:dt="int">28</MessageCount></AdvisorModuleFinding><AdvisorModuleFinding><AdvisorModuleCaption dt:dt="string">Duration not divisible by refresh rate</AdvisorModuleCaption><AdvisorModuleDefinitionGuid dt:dt="string">{4AD2EB1F-8E4A-4B24-A38C-1E0EE032A9EC}</AdvisorModuleDefinitionGuid><Category dt:dt="string">Timing</Category><Message dt:dt="string">The 'dp8' object has its OnsetSync property set to (vertical blank) and a Duration value (1000) that is not divisible by the DisplayDevice calculated refresh rate, which can lead to larger OnsetDelay and other timing issues.  (Requested: (unspecified), Calculated: 60.06Hz/16.65ms, Suggested: low=998, high=1015)</Message><MessageUrlEscape dt:dt="string">The%20'dp8'%20object%20has%20its%20OnsetSync%20property%20set%20to%20(vertical%20blank)%20and%20a%20Duration%20value%20(1000)%20that%20is%20not%20divisible%20by%20the%20DisplayDevice%20calculated%20refresh%20rate,%20which%20can%20lead%20to%20larger%20OnsetDelay%20and%20other%20timing%20issues.%20%20(Requested:%20(unspecified),%20Calculated:%2060.06Hz%2F16.65ms,%20Suggested:%20low=998,%20high=1015)</MessageUrlEscape><MessageCount dt:dt="int">28</MessageCount></AdvisorModuleFinding><AdvisorModuleFinding><AdvisorModuleCaption dt:dt="string">Duration not divisible by refresh rate</AdvisorModuleCaption><AdvisorModuleDefinitionGuid dt:dt="string">{4AD2EB1F-8E4A-4B24-A38C-1E0EE032A9EC}</AdvisorModuleDefinitionGuid><Category dt:dt="string">Timing</Category><Message dt:dt="string">The 'dp1' object has its OnsetSync property set to (vertical blank) and a Duration value (500) that is not divisible by the DisplayDevice calculated refresh rate, which can lead to larger OnsetDelay and other timing issues.  (Requested: (unspecified), Calculated: 60.06Hz/16.65ms, Suggested: low=499, high=516)</Message><MessageUrlEscape dt:dt="string">The%20'dp1'%20object%20has%20its%20OnsetSync%20property%20set%20to%20(vertical%20blank)%20and%20a%20Duration%20value%20(500)%20that%20is%20not%20divisible%20by%20the%20DisplayDevice%20calculated%20refresh%20rate,%20which%20can%20lead%20to%20larger%20OnsetDelay%20and%20other%20timing%20issues.%20%20(Requested:%20(unspecified),%20Calculated:%2060.06Hz%2F16.65ms,%20Suggested:%20low=499,%20high=516)</MessageUrlEscape><MessageCount dt:dt="int">28</MessageCount></AdvisorModuleFinding><AdvisorModuleFinding><AdvisorModuleCaption dt:dt="string">Duration not divisible by refresh rate</AdvisorModuleCaption><AdvisorModuleDefinitionGuid dt:dt="string">{4AD2EB1F-8E4A-4B24-A38C-1E0EE032A9EC}</AdvisorModuleDefinitionGuid><Category dt:dt="string">Timing</Category><Message dt:dt="string">The 'dp2' object has its OnsetSync property set to (vertical blank) and a Duration value (100) that is not divisible by the DisplayDevice calculated refresh rate, which can lead to larger OnsetDelay and other timing issues.  (Requested: (unspecified), Calculated: 60.06Hz/16.65ms, Suggested: low=99, high=116)</Message><MessageUrlEscape dt:dt="string">The%20'dp2'%20object%20has%20its%20OnsetSync%20property%20set%20to%20(vertical%20blank)%20and%20a%20Duration%20value%20(100)%20that%20is%20not%20divisible%20by%20the%20DisplayDevice%20calculated%20refresh%20rate,%20which%20can%20lead%20to%20larger%20OnsetDelay%20and%20other%20timing%20issues.%20%20(Requested:%20(unspecified),%20Calculated:%2060.06Hz%2F16.65ms,%20Suggested:%20low=99,%20high=116)</MessageUrlEscape><MessageCount dt:dt="int">28</MessageCount></AdvisorModuleFinding><AdvisorModuleFinding><AdvisorModuleCaption dt:dt="string">Duration not divisible by refresh rate</AdvisorModuleCaption><AdvisorModuleDefinitionGuid dt:dt="string">{4AD2EB1F-8E4A-4B24-A38C-1E0EE032A9EC}</AdvisorModuleDefinitionGuid><Category dt:dt="string">Timing</Category><Message dt:dt="string">The 'dp4' object has its OnsetSync property set to (vertical blank) and a Duration value (1000) that is not divisible by the DisplayDevice calculated refresh rate, which can lead to larger OnsetDelay and other timing issues.  (Requested: (unspecified), Calculated: 60.06Hz/16.65ms, Suggested: low=998, high=1015)</Message><MessageUrlEscape dt:dt="string">The%20'dp4'%20object%20has%20its%20OnsetSync%20property%20set%20to%20(vertical%20blank)%20and%20a%20Duration%20value%20(1000)%20that%20is%20not%20divisible%20by%20the%20DisplayDevice%20calculated%20refresh%20rate,%20which%20can%20lead%20to%20larger%20OnsetDelay%20and%20other%20timing%20issues.%20%20(Requested:%20(unspecified),%20Calculated:%2060.06Hz%2F16.65ms,%20Suggested:%20low=998,%20high=1015)</MessageUrlEscape><MessageCount dt:dt="int">28</MessageCount></AdvisorModuleFinding><AdvisorModuleFinding><AdvisorModuleCaption dt:dt="string">Duration not divisible by refresh rate</AdvisorModuleCaption><AdvisorModuleDefinitionGuid dt:dt="string">{4AD2EB1F-8E4A-4B24-A38C-1E0EE032A9EC}</AdvisorModuleDefinitionGuid><Category dt:dt="string">Timing</Category><Message dt:dt="string">The 'Practice' object has its OnsetSync property set to (vertical blank) and a Duration value (1000) that is not divisible by the DisplayDevice calculated refresh rate, which can lead to larger OnsetDelay and other timing issues.  (Requested: (unspecified), Calculated: 60.06Hz/16.65ms, Suggested: low=998, high=1015)</Message><MessageUrlEscape dt:dt="string">The%20'Practice'%20object%20has%20its%20OnsetSync%20property%20set%20to%20(vertical%20blank)%20and%20a%20Duration%20value%20(1000)%20that%20is%20not%20divisible%20by%20the%20DisplayDevice%20calculated%20refresh%20rate,%20which%20can%20lead%20to%20larger%20OnsetDelay%20and%20other%20timing%20issues.%20%20(Requested:%20(unspecified),%20Calculated:%2060.06Hz%2F16.65ms,%20Suggested:%20low=998,%20high=1015)</MessageUrlEscape><MessageCount dt:dt="int">1</MessageCount></AdvisorModuleFinding><AdvisorModuleFinding><AdvisorModuleCaption dt:dt="string">Duration not divisible by refresh rate</AdvisorModuleCaption><AdvisorModuleDefinitionGuid dt:dt="string">{4AD2EB1F-8E4A-4B24-A38C-1E0EE032A9EC}</AdvisorModuleDefinitionGuid><Category dt:dt="string">Timing</Category><Message dt:dt="string">The 'prac1' object has its OnsetSync property set to (vertical blank) and a Duration value (1000) that is not divisible by the DisplayDevice calculated refresh rate, which can lead to larger OnsetDelay and other timing issues.  (Requested: (unspecified), Calculated: 60.06Hz/16.65ms, Suggested: low=998, high=1015)</Message><MessageUrlEscape dt:dt="string">The%20'prac1'%20object%20has%20its%20OnsetSync%20property%20set%20to%20(vertical%20blank)%20and%20a%20Duration%20value%20(1000)%20that%20is%20not%20divisible%20by%20the%20DisplayDevice%20calculated%20refresh%20rate,%20which%20can%20lead%20to%20larger%20OnsetDelay%20and%20other%20timing%20issues.%20%20(Requested:%20(unspecified),%20Calculated:%2060.06Hz%2F16.65ms,%20Suggested:%20low=998,%20high=1015)</MessageUrlEscape><MessageCount dt:dt="int">4</MessageCount></AdvisorModuleFinding><AdvisorModuleFinding><AdvisorModuleCaption dt:dt="string">Duration not divisible by refresh rate</AdvisorModuleCaption><AdvisorModuleDefinitionGuid dt:dt="string">{4AD2EB1F-8E4A-4B24-A38C-1E0EE032A9EC}</AdvisorModuleDefinitionGuid><Category dt:dt="string">Timing</Category><Message dt:dt="string">The 'prac2' object has its OnsetSync property set to (vertical blank) and a Duration value (1000) that is not divisible by the DisplayDevice calculated refresh rate, which can lead to larger OnsetDelay and other timing issues.  (Requested: (unspecified), Calculated: 60.06Hz/16.65ms, Suggested: low=998, high=1015)</Message><MessageUrlEscape dt:dt="string">The%20'prac2'%20object%20has%20its%20OnsetSync%20property%20set%20to%20(vertical%20blank)%20and%20a%20Duration%20value%20(1000)%20that%20is%20not%20divisible%20by%20the%20DisplayDevice%20calculated%20refresh%20rate,%20which%20can%20lead%20to%20larger%20OnsetDelay%20and%20other%20timing%20issues.%20%20(Requested:%20(unspecified),%20Calculated:%2060.06Hz%2F16.65ms,%20Suggested:%20low=998,%20high=1015)</MessageUrlEscape><MessageCount dt:dt="int">4</MessageCount></AdvisorModuleFinding><AdvisorModuleFinding><AdvisorModuleCaption dt:dt="string">Duration not divisible by refresh rate</AdvisorModuleCaption><AdvisorModuleDefinitionGuid dt:dt="string">{4AD2EB1F-8E4A-4B24-A38C-1E0EE032A9EC}</AdvisorModuleDefinitionGuid><Category dt:dt="string">Timing</Category><Message dt:dt="string">The 'FeedbackDisplay1' object has its OnsetSync property set to (vertical blank) and a Duration value (1500) that is not divisible by the DisplayDevice calculated refresh rate, which can lead to larger OnsetDelay and other timing issues.  (Requested: (unspecified), Calculated: 60.06Hz/16.65ms, Suggested: low=1498, high=1515)</Message><MessageUrlEscape dt:dt="string">The%20'FeedbackDisplay1'%20object%20has%20its%20OnsetSync%20property%20set%20to%20(vertical%20blank)%20and%20a%20Duration%20value%20(1500)%20that%20is%20not%20divisible%20by%20the%20DisplayDevice%20calculated%20refresh%20rate,%20which%20can%20lead%20to%20larger%20OnsetDelay%20and%20other%20timing%20issues.%20%20(Requested:%20(unspecified),%20Calculated:%2060.06Hz%2F16.65ms,%20Suggested:%20low=1498,%20high=1515)</MessageUrlEscape><MessageCount dt:dt="int">4</MessageCount></AdvisorModuleFinding><AdvisorModuleFinding><AdvisorModuleCaption dt:dt="string">Duration not divisible by refresh rate</AdvisorModuleCaption><AdvisorModuleDefinitionGuid dt:dt="string">{4AD2EB1F-8E4A-4B24-A38C-1E0EE032A9EC}</AdvisorModuleDefinitionGuid><Category dt:dt="string">Timing</Category><Message dt:dt="string">The 'match01' object has its OnsetSync property set to (vertical blank) and a Duration value (1000) that is not divisible by the DisplayDevice calculated refresh rate, which can lead to larger OnsetDelay and other timing issues.  (Requested: (unspecified), Calculated: 60.06Hz/16.65ms, Suggested: low=998, high=1015)</Message><MessageUrlEscape dt:dt="string">The%20'match01'%20object%20has%20its%20OnsetSync%20property%20set%20to%20(vertical%20blank)%20and%20a%20Duration%20value%20(1000)%20that%20is%20not%20divisible%20by%20the%20DisplayDevice%20calculated%20refresh%20rate,%20which%20can%20lead%20to%20larger%20OnsetDelay%20and%20other%20timing%20issues.%20%20(Requested:%20(unspecified),%20Calculated:%2060.06Hz%2F16.65ms,%20Suggested:%20low=998,%20high=1015)</MessageUrlEscape><MessageCount dt:dt="int">128</MessageCount></AdvisorModuleFinding><AdvisorModuleFinding><AdvisorModuleCaption dt:dt="string">Duration not divisible by refresh rate</AdvisorModuleCaption><AdvisorModuleDefinitionGuid dt:dt="string">{4AD2EB1F-8E4A-4B24-A38C-1E0EE032A9EC}</AdvisorModuleDefinitionGuid><Category dt:dt="string">Timing</Category><Message dt:dt="string">The 'match02' object has its OnsetSync property set to (vertical blank) and a Duration value (1000) that is not divisible by the DisplayDevice calculated refresh rate, which can lead to larger OnsetDelay and other timing issues.  (Requested: (unspecified), Calculated: 60.06Hz/16.65ms, Suggested: low=998, high=1015)</Message><MessageUrlEscape dt:dt="string">The%20'match02'%20object%20has%20its%20OnsetSync%20property%20set%20to%20(vertical%20blank)%20and%20a%20Duration%20value%20(1000)%20that%20is%20not%20divisible%20by%20the%20DisplayDevice%20calculated%20refresh%20rate,%20which%20can%20lead%20to%20larger%20OnsetDelay%20and%20other%20timing%20issues.%20%20(Requested:%20(unspecified),%20Calculated:%2060.06Hz%2F16.65ms,%20Suggested:%20low=998,%20high=1015)</MessageUrlEscape><MessageCount dt:dt="int">128</MessageCount></AdvisorModuleFinding><AdvisorModuleFinding><AdvisorModuleCaption dt:dt="string">Duration not divisible by refresh rate</AdvisorModuleCaption><AdvisorModuleDefinitionGuid dt:dt="string">{4AD2EB1F-8E4A-4B24-A38C-1E0EE032A9EC}</AdvisorModuleDefinitionGuid><Category dt:dt="string">Timing</Category><Message dt:dt="string">The 'FeedbackDisplay2' object has its OnsetSync property set to (vertical blank) and a Duration value (1500) that is not divisible by the DisplayDevice calculated refresh rate, which can lead to larger OnsetDelay and other timing issues.  (Requested: (unspecified), Calculated: 60.06Hz/16.65ms, Suggested: low=1498, high=1515)</Message><MessageUrlEscape dt:dt="string">The%20'FeedbackDisplay2'%20object%20has%20its%20OnsetSync%20property%20set%20to%20(vertical%20blank)%20and%20a%20Duration%20value%20(1500)%20that%20is%20not%20divisible%20by%20the%20DisplayDevice%20calculated%20refresh%20rate,%20which%20can%20lead%20to%20larger%20OnsetDelay%20and%20other%20timing%20issues.%20%20(Requested:%20(unspecified),%20Calculated:%2060.06Hz%2F16.65ms,%20Suggested:%20low=1498,%20high=1515)</MessageUrlEscape><MessageCount dt:dt="int">128</MessageCount></AdvisorModuleFinding><AdvisorModuleFinding><AdvisorModuleCaption dt:dt="string">Operating System not verified</AdvisorModuleCaption><AdvisorModuleDefinitionGuid dt:dt="string">{0CC004EC-9AD9-4350-B7C5-5EA0D778483D}</AdvisorModuleDefinitionGuid><Category dt:dt="string">Timing</Category><Message dt:dt="string">The operating system used for this experiment session has not been verified by PST for data collection in E-Prime (10.0.0.2,,0.0,256,1,0)</Message><MessageUrlEscape dt:dt="string">The%20operating%20system%20used%20for%20this%20experiment%20session%20has%20not%20been%20verified%20by%20PST%20for%20data%20collection%20in%20E-Prime%20(10.0.0.2,,0.0,256,1,0)</MessageUrlEscape><MessageCount dt:dt="int">1</MessageCount></AdvisorModuleFinding></AdvisorModuleFindings><Clock><Property><PropertyName dt:dt="string">Description</PropertyName><PropertyValue dt:dt="string">E-Prime Primary Realtime Clock</PropertyValue></Property><Property><PropertyName dt:dt="string">Scale</PropertyName><PropertyValue dt:dt="r8">1</PropertyValue></Property><Property><PropertyName dt:dt="string">StartTimestamp</PropertyName><PropertyValue>0</PropertyValue></Property><Property><PropertyName dt:dt="string">StartDateUtc</PropertyName><PropertyValue dt:dt="string">2019-05-02T10:37:03Z</PropertyValue></Property><Property><PropertyName dt:dt="string">Guid</PropertyName><PropertyValue dt:dt="string">{10343DBD-55BE-45C7-AA62-A5239F6918AB}</PropertyValue></Property></Clock><Devices><Device><Property><PropertyName dt:dt="string">Name</PropertyName><PropertyValue dt:dt="string">Display</PropertyValue></Property><Property><PropertyName dt:dt="string">Type</PropertyName><PropertyValue dt:dt="string">DisplayDevice</PropertyValue></Property><Property><PropertyName dt:dt="string">DisplayIndex</PropertyName><PropertyValue>1</PropertyValue></Property><Property><PropertyName dt:dt="string">XRes</PropertyName><PropertyValue dt:dt="int">640</PropertyValue></Property><Property><PropertyName dt:dt="string">YRes</PropertyName><PropertyValue dt:dt="int">480</PropertyValue></Property><Property><PropertyName dt:dt="string">ColorDepth</PropertyName><PropertyValue dt:dt="int">32</PropertyValue></Property><Property><PropertyName dt:dt="string">RefreshRateRequested</PropertyName><PropertyValue dt:dt="int">0</PropertyValue></Property><Property><PropertyName dt:dt="string">RefreshRateCalculated</PropertyName><PropertyValue dt:dt="r8">60.0620503112871</PropertyValue></Property><Property><PropertyName dt:dt="string">RefreshAlignment</PropertyName><PropertyValue dt:dt="string">25%</PropertyValue></Property><Property><PropertyName dt:dt="string">FlippingEnabled</PropertyName><PropertyValue dt:dt="boolean">1</PropertyValue></Property></Device><Device><Property><PropertyName dt:dt="string">Name</PropertyName><PropertyValue dt:dt="string">Keyboard</PropertyValue></Property><Property><PropertyName dt:dt="string">Type</PropertyName><PropertyValue dt:dt="string">KeyboardInputDevice</PropertyValue></Property><Property><PropertyName dt:dt="string">CollectionMode</PropertyName><PropertyValue dt:dt="string">Presses Only</PropertyValue></Property><Property><PropertyName dt:dt="string">EmulateDevice</PropertyName><PropertyValue dt:dt="string">(none)</PropertyValue></Property><Property><PropertyName dt:dt="string">CapsLock</PropertyName><PropertyValue dt:dt="string">No</PropertyValue></Property><Property><PropertyName dt:dt="string">NumLock</PropertyName><PropertyValue dt:dt="string">No</PropertyValue></Property></Device><Device><Property><PropertyName dt:dt="string">Name</PropertyName><PropertyValue dt:dt="string">Mouse</PropertyValue></Property><Property><PropertyName dt:dt="string">Type</PropertyName><PropertyValue dt:dt="string">MouseInputDevice</PropertyValue></Property><Property><PropertyName dt:dt="string">CollectionMode</PropertyName><PropertyValue dt:dt="string">Presses Only</PropertyValue></Property><Property><PropertyName dt:dt="string">EmulateDevice</PropertyName><PropertyValue dt:dt="string">(none)</PropertyValue></Property><Property><PropertyName dt:dt="string">OpenMode</PropertyName><PropertyValue dt:dt="string">Direct</PropertyValue></Property><Property><PropertyName dt:dt="string">ShowCursor</PropertyName><PropertyValue dt:dt="string">No</PropertyValue></Property></Device><Device><Property><PropertyName dt:dt="string">Name</PropertyName><PropertyValue dt:dt="string">Sound</PropertyValue></Property><Property><PropertyName dt:dt="string">Type</PropertyName><PropertyValue dt:dt="string">SoundDevice</PropertyValue></Property><Property><PropertyName dt:dt="string">API</PropertyName><PropertyValue dt:dt="string">DirectSound</PropertyValue></Property><Property><PropertyName dt:dt="string">DeviceIndex</PropertyName><PropertyValue dt:dt="int">1</PropertyValue></Property><Property><PropertyName dt:dt="string">Channels</PropertyName><PropertyValue dt:dt="int">0</PropertyValue></Property><Property><PropertyName dt:dt="string">SamplesPerSecond</PropertyName><PropertyValue dt:dt="int">0</PropertyValue></Property><Property><PropertyName dt:dt="string">BitsPerSample</PropertyName><PropertyValue dt:dt="int">0</PropertyValue></Property></Device></Devices><RunningApplications><RunningApplication><ImageName dt:dt="string">[System Process]</ImageName><ProcessID dt:dt="string">0</ProcessID><WorkingSetSizeKB dt:dt="string"> </WorkingSetSizeKB><ImageFullName dt:dt="string"> </ImageFullName><ImageSize dt:dt="string"> </ImageSize><FileVersion dt:dt="string"> </FileVersion><LastModifiedDateTime dt:dt="string"> </LastModifiedDateTime></RunningApplication><RunningApplication><ImageName dt:dt="string">System</ImageName><ProcessID dt:dt="string">4</ProcessID><WorkingSetSizeKB dt:dt="string"> </WorkingSetSizeKB><ImageFullName dt:dt="string"> </ImageFullName><ImageSize dt:dt="string"> </ImageSize><FileVersion dt:dt="string"> </FileVersion><LastModifiedDateTime dt:dt="string"> </LastModifiedDateTime></RunningApplication><RunningApplication><ImageName dt:dt="string">Registry</ImageName><ProcessID dt:dt="string">96</ProcessID><WorkingSetSizeKB dt:dt="string"> </WorkingSetSizeKB><ImageFullName dt:dt="string"> </ImageFullName><ImageSize dt:dt="string"> </ImageSize><FileVersion dt:dt="string"> </FileVersion><LastModifiedDateTime dt:dt="string"> </LastModifiedDateTime></RunningApplication><RunningApplication><ImageName dt:dt="string">smss.exe</ImageName><ProcessID dt:dt="string">412</ProcessID><WorkingSetSizeKB dt:dt="string"> </WorkingSetSizeKB><ImageFullName dt:dt="string"> </ImageFullName><ImageSize dt:dt="string"> </ImageSize><FileVersion dt:dt="string"> </FileVersion><LastModifiedDateTime dt:dt="string"> </LastModifiedDateTime></RunningApplication><RunningApplication><ImageName dt:dt="string">csrss.exe</ImageName><ProcessID dt:dt="string">608</ProcessID><WorkingSetSizeKB dt:dt="string"> </WorkingSetSizeKB><ImageFullName dt:dt="string"> </ImageFullName><ImageSize dt:dt="string"> </ImageSize><FileVersion dt:dt="string"> </FileVersion><LastModifiedDateTime dt:dt="string"> </LastModifiedDateTime></RunningApplication><RunningApplication><ImageName dt:dt="string">wininit.exe</ImageName><ProcessID dt:dt="string">732</ProcessID><WorkingSetSizeKB dt:dt="string"> </WorkingSetSizeKB><ImageFullName dt:dt="string"> </ImageFullName><ImageSize dt:dt="string"> </ImageSize><FileVersion dt:dt="string"> </FileVersion><LastModifiedDateTime dt:dt="string"> </LastModifiedDateTime></RunningApplication><RunningApplication><ImageName dt:dt="string">services.exe</ImageName><ProcessID dt:dt="string">780</ProcessID><WorkingSetSizeKB dt:dt="string"> </WorkingSetSizeKB><ImageFullName dt:dt="string"> </ImageFullName><ImageSize dt:dt="string"> </ImageSize><FileVersion dt:dt="string"> </FileVersion><LastModifiedDateTime dt:dt="string"> </LastModifiedDateTime></RunningApplication><RunningApplication><ImageName dt:dt="string">lsass.exe</ImageName><ProcessID dt:dt="string">800</ProcessID><WorkingSetSizeKB dt:dt="string"> </WorkingSetSizeKB><ImageFullName dt:dt="string"> </ImageFullName><ImageSize dt:dt="string"> </ImageSize><FileVersion dt:dt="string"> </FileVersion><LastModifiedDateTime dt:dt="string"> </LastModifiedDateTime></RunningApplication><RunningApplication><ImageName dt:dt="string">fontdrvhost.exe</ImageName><ProcessID dt:dt="string">996</ProcessID><WorkingSetSizeKB dt:dt="string"> </WorkingSetSizeKB><ImageFullName dt:dt="string"> </ImageFullName><ImageSize dt:dt="string"> </ImageSize><FileVersion dt:dt="string"> </FileVersion><LastModifiedDateTime dt:dt="string"> </LastModifiedDateTime></RunningApplication><RunningApplication><ImageName dt:dt="string">svchost.exe</ImageName><ProcessID dt:dt="string">1004</ProcessID><WorkingSetSizeKB dt:dt="string"> </WorkingSetSizeKB><ImageFullName dt:dt="string"> </ImageFullName><ImageSize dt:dt="string"> </ImageSize><FileVersion dt:dt="string"> </FileVersion><LastModifiedDateTime dt:dt="string"> </LastModifiedDateTime></RunningApplication><RunningApplication><ImageName dt:dt="string">svchost.exe</ImageName><ProcessID dt:dt="string">540</ProcessID><WorkingSetSizeKB dt:dt="string"> </WorkingSetSizeKB><ImageFullName dt:dt="string"> </ImageFullName><ImageSize dt:dt="string"> </ImageSize><FileVersion dt:dt="string"> </FileVersion><LastModifiedDateTime dt:dt="string"> </LastModifiedDateTime></RunningApplication><RunningApplication><ImageName dt:dt="string">svchost.exe</ImageName><ProcessID dt:dt="string">600</ProcessID><WorkingSetSizeKB dt:dt="string"> </WorkingSetSizeKB><ImageFullName dt:dt="string"> </ImageFullName><ImageSize dt:dt="string"> </ImageSize><FileVersion dt:dt="string"> </FileVersion><LastModifiedDateTime dt:dt="string"> </LastModifiedDateTime></RunningApplication><RunningApplication><ImageName dt:dt="string">svchost.exe</ImageName><ProcessID dt:dt="string">776</ProcessID><WorkingSetSizeKB dt:dt="string"> </WorkingSetSizeKB><ImageFullName dt:dt="string"> </ImageFullName><ImageSize dt:dt="string"> </ImageSize><FileVersion dt:dt="string"> </FileVersion><LastModifiedDateTime dt:dt="string"> </LastModifiedDateTime></RunningApplication><RunningApplication><ImageName dt:dt="string">svchost.exe</ImageName><ProcessID dt:dt="string">1172</ProcessID><WorkingSetSizeKB dt:dt="string"> </WorkingSetSizeKB><ImageFullName dt:dt="string"> </ImageFullName><ImageSize dt:dt="string"> </ImageSize><FileVersion dt:dt="string"> </FileVersion><LastModifiedDateTime dt:dt="string"> </LastModifiedDateTime></RunningApplication><RunningApplication><ImageName dt:dt="string">svchost.exe</ImageName><ProcessID dt:dt="string">1184</ProcessID><WorkingSetSizeKB dt:dt="string"> </WorkingSetSizeKB><ImageFullName dt:dt="string"> </ImageFullName><ImageSize dt:dt="string"> </ImageSize><FileVersion dt:dt="string"> </FileVersion><LastModifiedDateTime dt:dt="string"> </LastModifiedDateTime></RunningApplication><RunningApplication><ImageName dt:dt="string">svchost.exe</ImageName><ProcessID dt:dt="string">1188</ProcessID><WorkingSetSizeKB dt:dt="string"> </WorkingSetSizeKB><ImageFullName dt:dt="string"> </ImageFullName><ImageSize dt:dt="string"> </ImageSize><FileVersion dt:dt="string"> </FileVersion><LastModifiedDateTime dt:dt="string"> </LastModifiedDateTime></RunningApplication><RunningApplication><ImageName dt:dt="string">svchost.exe</ImageName><ProcessID dt:dt="string">1264</ProcessID><WorkingSetSizeKB dt:dt="string"> </WorkingSetSizeKB><ImageFullName dt:dt="string"> </ImageFullName><ImageSize dt:dt="string"> </ImageSize><FileVersion dt:dt="string"> </FileVersion><LastModifiedDateTime dt:dt="string"> </LastModifiedDateTime></RunningApplication><RunningApplication><ImageName dt:dt="string">svchost.exe</ImageName><ProcessID dt:dt="string">1480</ProcessID><WorkingSetSizeKB dt:dt="string"> </WorkingSetSizeKB><ImageFullName dt:dt="string"> </ImageFullName><ImageSize dt:dt="string"> </ImageSize><FileVersion dt:dt="string"> </FileVersion><LastModifiedDateTime dt:dt="string"> </LastModifiedDateTime></RunningApplication><RunningApplication><ImageName dt:dt="string">svchost.exe</ImageName><ProcessID dt:dt="string">1500</ProcessID><WorkingSetSizeKB dt:dt="string"> </WorkingSetSizeKB><ImageFullName dt:dt="string"> </ImageFullName><ImageSize dt:dt="string"> </ImageSize><FileVersion dt:dt="string"> </FileVersion><LastModifiedDateTime dt:dt="string"> </LastModifiedDateTime></RunningApplication><RunningApplication><ImageName dt:dt="string">svchost.exe</ImageName><ProcessID dt:dt="string">1516</ProcessID><WorkingSetSizeKB dt:dt="string"> </WorkingSetSizeKB><ImageFullName dt:dt="string"> </ImageFullName><ImageSize dt:dt="string"> </ImageSize><FileVersion dt:dt="string"> </FileVersion><LastModifiedDateTime dt:dt="string"> </LastModifiedDateTime></RunningApplication><RunningApplication><ImageName dt:dt="string">svchost.exe</ImageName><ProcessID dt:dt="string">1524</ProcessID><WorkingSetSizeKB dt:dt="string"> </WorkingSetSizeKB><ImageFullName dt:dt="string"> </ImageFullName><ImageSize dt:dt="string"> </ImageSize><FileVersion dt:dt="string"> </FileVersion><LastModifiedDateTime dt:dt="string"> </LastModifiedDateTime></RunningApplication><RunningApplication><ImageName dt:dt="string">svchost.exe</ImageName><ProcessID dt:dt="string">1536</ProcessID><WorkingSetSizeKB dt:dt="string"> </WorkingSetSizeKB><ImageFullName dt:dt="string"> </ImageFullName><ImageSize dt:dt="string"> </ImageSize><FileVersion dt:dt="string"> </FileVersion><LastModifiedDateTime dt:dt="string"> </LastModifiedDateTime></RunningApplication><RunningApplication><ImageName dt:dt="string">svchost.exe</ImageName><ProcessID dt:dt="string">1640</ProcessID><WorkingSetSizeKB dt:dt="string"> </WorkingSetSizeKB><ImageFullName dt:dt="string"> </ImageFullName><ImageSize dt:dt="string"> </ImageSize><FileVersion dt:dt="string"> </FileVersion><LastModifiedDateTime dt:dt="string"> </LastModifiedDateTime></RunningApplication><RunningApplication><ImageName dt:dt="string">svchost.exe</ImageName><ProcessID dt:dt="string">1672</ProcessID><WorkingSetSizeKB dt:dt="string"> </WorkingSetSizeKB><ImageFullName dt:dt="string"> </ImageFullName><ImageSize dt:dt="string"> </ImageSize><FileVersion dt:dt="string"> </FileVersion><LastModifiedDateTime dt:dt="string"> </LastModifiedDateTime></RunningApplication><RunningApplication><ImageName dt:dt="string">Memory Compression</ImageName><ProcessID dt:dt="string">1692</ProcessID><WorkingSetSizeKB dt:dt="string"> </WorkingSetSizeKB><ImageFullName dt:dt="string"> </ImageFullName><ImageSize dt:dt="string"> </ImageSize><FileVersion dt:dt="string"> </FileVersion><LastModifiedDateTime dt:dt="string"> </LastModifiedDateTime></RunningApplication><RunningApplication><ImageName dt:dt="string">svchost.exe</ImageName><ProcessID dt:dt="string">1768</ProcessID><WorkingSetSizeKB dt:dt="string"> </WorkingSetSizeKB><ImageFullName dt:dt="string"> </ImageFullName><ImageSize dt:dt="string"> </ImageSize><FileVersion dt:dt="string"> </FileVersion><LastModifiedDateTime dt:dt="string"> </LastModifiedDateTime></RunningApplication><RunningApplication><ImageName dt:dt="string">igfxCUIService.exe</ImageName><ProcessID dt:dt="string">1792</ProcessID><WorkingSetSizeKB dt:dt="string"> </WorkingSetSizeKB><ImageFullName dt:dt="string"> </ImageFullName><ImageSize dt:dt="string"> </ImageSize><FileVersion dt:dt="string"> </FileVersion><LastModifiedDateTime dt:dt="string"> </LastModifiedDateTime></RunningApplication><RunningApplication><ImageName dt:dt="string">svchost.exe</ImageName><ProcessID dt:dt="string">1928</ProcessID><WorkingSetSizeKB dt:dt="string"> </WorkingSetSizeKB><ImageFullName dt:dt="string"> </ImageFullName><ImageSize dt:dt="string"> </ImageSize><FileVersion dt:dt="string"> </FileVersion><LastModifiedDateTime dt:dt="string"> </LastModifiedDateTime></RunningApplication><RunningApplication><ImageName dt:dt="string">svchost.exe</ImageName><ProcessID dt:dt="string">1940</ProcessID><WorkingSetSizeKB dt:dt="string"> </WorkingSetSizeKB><ImageFullName dt:dt="string"> </ImageFullName><ImageSize dt:dt="string"> </ImageSize><FileVersion dt:dt="string"> </FileVersion><LastModifiedDateTime dt:dt="string"> </LastModifiedDateTime></RunningApplication><RunningApplication><ImageName dt:dt="string">svchost.exe</ImageName><ProcessID dt:dt="string">1988</ProcessID><WorkingSetSizeKB dt:dt="string"> </WorkingSetSizeKB><ImageFullName dt:dt="string"> </ImageFullName><ImageSize dt:dt="string"> </ImageSize><FileVersion dt:dt="string"> </FileVersion><LastModifiedDateTime dt:dt="string"> </LastModifiedDateTime></RunningApplication><RunningApplication><ImageName dt:dt="string">svchost.exe</ImageName><ProcessID dt:dt="string">2024</ProcessID><WorkingSetSizeKB dt:dt="string"> </WorkingSetSizeKB><ImageFullName dt:dt="string"> </ImageFullName><ImageSize dt:dt="string"> </ImageSize><FileVersion dt:dt="string"> </FileVersion><LastModifiedDateTime dt:dt="string"> </LastModifiedDateTime></RunningApplication><RunningApplication><ImageName dt:dt="string">svchost.exe</ImageName><ProcessID dt:dt="string">2044</ProcessID><WorkingSetSizeKB dt:dt="string"> </WorkingSetSizeKB><ImageFullName dt:dt="string"> </ImageFullName><ImageSize dt:dt="string"> </ImageSize><FileVersion dt:dt="string"> </FileVersion><LastModifiedDateTime dt:dt="string"> </LastModifiedDateTime></RunningApplication><RunningApplication><ImageName dt:dt="string">svchost.exe</ImageName><ProcessID dt:dt="string">2060</ProcessID><WorkingSetSizeKB dt:dt="string"> </WorkingSetSizeKB><ImageFullName dt:dt="string"> </ImageFullName><ImageSize dt:dt="string"> </ImageSize><FileVersion dt:dt="string"> </FileVersion><LastModifiedDateTime dt:dt="string"> </LastModifiedDateTime></RunningApplication><RunningApplication><ImageName dt:dt="string">svchost.exe</ImageName><ProcessID dt:dt="string">2192</ProcessID><WorkingSetSizeKB dt:dt="string"> </WorkingSetSizeKB><ImageFullName dt:dt="string"> </ImageFullName><ImageSize dt:dt="string"> </ImageSize><FileVersion dt:dt="string"> </FileVersion><LastModifiedDateTime dt:dt="string"> </LastModifiedDateTime></RunningApplication><RunningApplication><ImageName dt:dt="string">svchost.exe</ImageName><ProcessID dt:dt="string">2232</ProcessID><WorkingSetSizeKB dt:dt="string"> </WorkingSetSizeKB><ImageFullName dt:dt="string"> </ImageFullName><ImageSize dt:dt="string"> </ImageSize><FileVersion dt:dt="string"> </FileVersion><LastModifiedDateTime dt:dt="string"> </LastModifiedDateTime></RunningApplication><RunningApplication><ImageName dt:dt="string">svchost.exe</ImageName><ProcessID dt:dt="string">2240</ProcessID><WorkingSetSizeKB dt:dt="string"> </WorkingSetSizeKB><ImageFullName dt:dt="string"> </ImageFullName><ImageSize dt:dt="string"> </ImageSize><FileVersion dt:dt="string"> </FileVersion><LastModifiedDateTime dt:dt="string"> </LastModifiedDateTime></RunningApplication><RunningApplication><ImageName dt:dt="string">svchost.exe</ImageName><ProcessID dt:dt="string">2288</ProcessID><WorkingSetSizeKB dt:dt="string"> </WorkingSetSizeKB><ImageFullName dt:dt="string"> </ImageFullName><ImageSize dt:dt="string"> </ImageSize><FileVersion dt:dt="string"> </FileVersion><LastModifiedDateTime dt:dt="string"> </LastModifiedDateTime></RunningApplication><RunningApplication><ImageName dt:dt="string">svchost.exe</ImageName><ProcessID dt:dt="string">2356</ProcessID><WorkingSetSizeKB dt:dt="string"> </WorkingSetSizeKB><ImageFullName dt:dt="string"> </ImageFullName><ImageSize dt:dt="string"> </ImageSize><FileVersion dt:dt="string"> </FileVersion><LastModifiedDateTime dt:dt="string"> </LastModifiedDateTime></RunningApplication><RunningApplication><ImageName dt:dt="string">svchost.exe</ImageName><ProcessID dt:dt="string">2428</ProcessID><WorkingSetSizeKB dt:dt="string"> </WorkingSetSizeKB><ImageFullName dt:dt="string"> </ImageFullName><ImageSize dt:dt="string"> </ImageSize><FileVersion dt:dt="string"> </FileVersion><LastModifiedDateTime dt:dt="string"> </LastModifiedDateTime></RunningApplication><RunningApplication><ImageName dt:dt="string">svchost.exe</ImageName><ProcessID dt:dt="string">2512</ProcessID><WorkingSetSizeKB dt:dt="string"> </WorkingSetSizeKB><ImageFullName dt:dt="string"> </ImageFullName><ImageSize dt:dt="string"> </ImageSize><FileVersion dt:dt="string"> </FileVersion><LastModifiedDateTime dt:dt="string"> </LastModifiedDateTime></RunningApplication><RunningApplication><ImageName dt:dt="string">svchost.exe</ImageName><ProcessID dt:dt="string">2520</ProcessID><WorkingSetSizeKB dt:dt="string"> </WorkingSetSizeKB><ImageFullName dt:dt="string"> </ImageFullName><ImageSize dt:dt="string"> </ImageSize><FileVersion dt:dt="string"> </FileVersion><LastModifiedDateTime dt:dt="string"> </LastModifiedDateTime></RunningApplication><RunningApplication><ImageName dt:dt="string">svchost.exe</ImageName><ProcessID dt:dt="string">2528</ProcessID><WorkingSetSizeKB dt:dt="string"> </WorkingSetSizeKB><ImageFullName dt:dt="string"> </ImageFullName><ImageSize dt:dt="string"> </ImageSize><FileVersion dt:dt="string"> </FileVersion><LastModifiedDateTime dt:dt="string"> </LastModifiedDateTime></RunningApplication><RunningApplication><ImageName dt:dt="string">svchost.exe</ImageName><ProcessID dt:dt="string">2624</ProcessID><WorkingSetSizeKB dt:dt="string"> </WorkingSetSizeKB><ImageFullName dt:dt="string"> </ImageFullName><ImageSize dt:dt="string"> </ImageSize><FileVersion dt:dt="string"> </FileVersion><LastModifiedDateTime dt:dt="string"> </LastModifiedDateTime></RunningApplication><RunningApplication><ImageName dt:dt="string">svchost.exe</ImageName><ProcessID dt:dt="string">2868</ProcessID><WorkingSetSizeKB dt:dt="string"> </WorkingSetSizeKB><ImageFullName dt:dt="string"> </ImageFullName><ImageSize dt:dt="string"> </ImageSize><FileVersion dt:dt="string"> </FileVersion><LastModifiedDateTime dt:dt="string"> </LastModifiedDateTime></RunningApplication><RunningApplication><ImageName dt:dt="string">svchost.exe</ImageName><ProcessID dt:dt="string">2964</ProcessID><WorkingSetSizeKB dt:dt="string"> </WorkingSetSizeKB><ImageFullName dt:dt="string"> </ImageFullName><ImageSize dt:dt="string"> </ImageSize><FileVersion dt:dt="string"> </FileVersion><LastModifiedDateTime dt:dt="string"> </LastModifiedDateTime></RunningApplication><RunningApplication><ImageName dt:dt="string">svchost.exe</ImageName><ProcessID dt:dt="string">3032</ProcessID><WorkingSetSizeKB dt:dt="string"> </WorkingSetSizeKB><ImageFullName dt:dt="string"> </ImageFullName><ImageSize dt:dt="string"> </ImageSize><FileVersion dt:dt="string"> </FileVersion><LastModifiedDateTime dt:dt="string"> </LastModifiedDateTime></RunningApplication><RunningApplication><ImageName dt:dt="string">spoolsv.exe</ImageName><ProcessID dt:dt="string">2380</ProcessID><WorkingSetSizeKB dt:dt="string"> </WorkingSetSizeKB><ImageFullName dt:dt="string"> </ImageFullName><ImageSize dt:dt="string"> </ImageSize><FileVersion dt:dt="string"> </FileVersion><LastModifiedDateTime dt:dt="string"> </LastModifiedDateTime></RunningApplication><RunningApplication><ImageName dt:dt="string">svchost.exe</ImageName><ProcessID dt:dt="string">3112</ProcessID><WorkingSetSizeKB dt:dt="string"> </WorkingSetSizeKB><ImageFullName dt:dt="string"> </ImageFullName><ImageSize dt:dt="string"> </ImageSize><FileVersion dt:dt="string"> </FileVersion><LastModifiedDateTime dt:dt="string"> </LastModifiedDateTime></RunningApplication><RunningApplication><ImageName dt:dt="string">svchost.exe</ImageName><ProcessID dt:dt="string">3168</ProcessID><WorkingSetSizeKB dt:dt="string"> </WorkingSetSizeKB><ImageFullName dt:dt="string"> </ImageFullName><ImageSize dt:dt="string"> </ImageSize><FileVersion dt:dt="string"> </FileVersion><LastModifiedDateTime dt:dt="string"> </LastModifiedDateTime></RunningApplication><RunningApplication><ImageName dt:dt="string">NVDisplay.Container.exe</ImageName><ProcessID dt:dt="string">3220</ProcessID><WorkingSetSizeKB dt:dt="string"> </WorkingSetSizeKB><ImageFullName dt:dt="string"> </ImageFullName><ImageSize dt:dt="string"> </ImageSize><FileVersion dt:dt="string"> </FileVersion><LastModifiedDateTime dt:dt="string"> </LastModifiedDateTime></RunningApplication><RunningApplication><ImageName dt:dt="string">svchost.exe</ImageName><ProcessID dt:dt="string">3228</ProcessID><WorkingSetSizeKB dt:dt="string"> </WorkingSetSizeKB><ImageFullName dt:dt="string"> </ImageFullName><ImageSize dt:dt="string"> </ImageSize><FileVersion dt:dt="string"> </FileVersion><LastModifiedDateTime dt:dt="string"> </LastModifiedDateTime></RunningApplication><RunningApplication><ImageName dt:dt="string">svchost.exe</ImageName><ProcessID dt:dt="string">3236</ProcessID><WorkingSetSizeKB dt:dt="string"> </WorkingSetSizeKB><ImageFullName dt:dt="string"> </ImageFullName><ImageSize dt:dt="string"> </ImageSize><FileVersion dt:dt="string"> </FileVersion><LastModifiedDateTime dt:dt="string"> </LastModifiedDateTime></RunningApplication><RunningApplication><ImageName dt:dt="string">svchost.exe</ImageName><ProcessID dt:dt="string">3244</ProcessID><WorkingSetSizeKB dt:dt="string"> </WorkingSetSizeKB><ImageFullName dt:dt="string"> </ImageFullName><ImageSize dt:dt="string"> </ImageSize><FileVersion dt:dt="string"> </FileVersion><LastModifiedDateTime dt:dt="string"> </LastModifiedDateTime></RunningApplication><RunningApplication><ImageName dt:dt="string">AdminService.exe</ImageName><ProcessID dt:dt="string">3252</ProcessID><WorkingSetSizeKB dt:dt="string"> </WorkingSetSizeKB><ImageFullName dt:dt="string"> </ImageFullName><ImageSize dt:dt="string"> </ImageSize><FileVersion dt:dt="string"> </FileVersion><LastModifiedDateTime dt:dt="string"> </LastModifiedDateTime></RunningApplication><RunningApplication><ImageName dt:dt="string">svchost.exe</ImageName><ProcessID dt:dt="string">3260</ProcessID><WorkingSetSizeKB dt:dt="string"> </WorkingSetSizeKB><ImageFullName dt:dt="string"> </ImageFullName><ImageSize dt:dt="string"> </ImageSize><FileVersion dt:dt="string"> </FileVersion><LastModifiedDateTime dt:dt="string"> </LastModifiedDateTime></RunningApplication><RunningApplication><ImageName dt:dt="string">svchost.exe</ImageName><ProcessID dt:dt="string">3268</ProcessID><WorkingSetSizeKB dt:dt="string"> </WorkingSetSizeKB><ImageFullName dt:dt="string"> </ImageFullName><ImageSize dt:dt="string"> </ImageSize><FileVersion dt:dt="string"> </FileVersion><LastModifiedDateTime dt:dt="string"> </LastModifiedDateTime></RunningApplication><RunningApplication><ImageName dt:dt="string">svchost.exe</ImageName><ProcessID dt:dt="string">3276</ProcessID><WorkingSetSizeKB dt:dt="string"> </WorkingSetSizeKB><ImageFullName dt:dt="string"> </ImageFullName><ImageSize dt:dt="string"> </ImageSize><FileVersion dt:dt="string"> </FileVersion><LastModifiedDateTime dt:dt="string"> </LastModifiedDateTime></RunningApplication><RunningApplication><ImageName dt:dt="string">svchost.exe</ImageName><ProcessID dt:dt="string">3284</ProcessID><WorkingSetSizeKB dt:dt="string"> </WorkingSetSizeKB><ImageFullName dt:dt="string"> </ImageFullName><ImageSize dt:dt="string"> </ImageSize><FileVersion dt:dt="string"> </FileVersion><LastModifiedDateTime dt:dt="string"> </LastModifiedDateTime></RunningApplication><RunningApplication><ImageName dt:dt="string">SecurityHealthService.exe</ImageName><ProcessID dt:dt="string">3292</ProcessID><WorkingSetSizeKB dt:dt="string"> </WorkingSetSizeKB><ImageFullName dt:dt="string"> </ImageFullName><ImageSize dt:dt="string"> </ImageSize><FileVersion dt:dt="string"> </FileVersion><LastModifiedDateTime dt:dt="string"> </LastModifiedDateTime></RunningApplication><RunningApplication><ImageName dt:dt="string">svchost.exe</ImageName><ProcessID dt:dt="string">3304</ProcessID><WorkingSetSizeKB dt:dt="string"> </WorkingSetSizeKB><ImageFullName dt:dt="string"> </ImageFullName><ImageSize dt:dt="string"> </ImageSize><FileVersion dt:dt="string"> </FileVersion><LastModifiedDateTime dt:dt="string"> </LastModifiedDateTime></RunningApplication><RunningApplication><ImageName dt:dt="string">MsMpEng.exe</ImageName><ProcessID dt:dt="string">3312</ProcessID><WorkingSetSizeKB dt:dt="string"> </WorkingSetSizeKB><ImageFullName dt:dt="string"> </ImageFullName><ImageSize dt:dt="string"> </ImageSize><FileVersion dt:dt="string"> </FileVersion><LastModifiedDateTime dt:dt="string"> </LastModifiedDateTime></RunningApplication><RunningApplication><ImageName dt:dt="string">hasplms.exe</ImageName><ProcessID dt:dt="string">3488</ProcessID><WorkingSetSizeKB dt:dt="string"> </WorkingSetSizeKB><ImageFullName dt:dt="string"> </ImageFullName><ImageSize dt:dt="string"> </ImageSize><FileVersion dt:dt="string"> </FileVersion><LastModifiedDateTime dt:dt="string"> </LastModifiedDateTime></RunningApplication><RunningApplication><ImageName dt:dt="string">svchost.exe</ImageName><ProcessID dt:dt="string">3532</ProcessID><WorkingSetSizeKB dt:dt="string"> </WorkingSetSizeKB><ImageFullName dt:dt="string"> </ImageFullName><ImageSize dt:dt="string"> </ImageSize><FileVersion dt:dt="string"> </FileVersion><LastModifiedDateTime dt:dt="string"> </LastModifiedDateTime></RunningApplication><RunningApplication><ImageName dt:dt="string">svchost.exe</ImageName><ProcessID dt:dt="string">3796</ProcessID><WorkingSetSizeKB dt:dt="string"> </WorkingSetSizeKB><ImageFullName dt:dt="string"> </ImageFullName><ImageSize dt:dt="string"> </ImageSize><FileVersion dt:dt="string"> </FileVersion><LastModifiedDateTime dt:dt="string"> </LastModifiedDateTime></RunningApplication><RunningApplication><ImageName dt:dt="string">svchost.exe</ImageName><ProcessID dt:dt="string">3992</ProcessID><WorkingSetSizeKB dt:dt="string"> </WorkingSetSizeKB><ImageFullName dt:dt="string"> </ImageFullName><ImageSize dt:dt="string"> </ImageSize><FileVersion dt:dt="string"> </FileVersion><LastModifiedDateTime dt:dt="string"> </LastModifiedDateTime></RunningApplication><RunningApplication><ImageName dt:dt="string">NisSrv.exe</ImageName><ProcessID dt:dt="string">4724</ProcessID><WorkingSetSizeKB dt:dt="string"> </WorkingSetSizeKB><ImageFullName dt:dt="string"> </ImageFullName><ImageSize dt:dt="string"> </ImageSize><FileVersion dt:dt="string"> </FileVersion><LastModifiedDateTime dt:dt="string"> </LastModifiedDateTime></RunningApplication><RunningApplication><ImageName dt:dt="string">SearchIndexer.exe</ImageName><ProcessID dt:dt="string">3040</ProcessID><WorkingSetSizeKB dt:dt="string"> </WorkingSetSizeKB><ImageFullName dt:dt="string"> </ImageFullName><ImageSize dt:dt="string"> </ImageSize><FileVersion dt:dt="string"> </FileVersion><LastModifiedDateTime dt:dt="string"> </LastModifiedDateTime></RunningApplication><RunningApplication><ImageName dt:dt="string">PresentationFontCache.exe</ImageName><ProcessID dt:dt="string">5176</ProcessID><WorkingSetSizeKB dt:dt="string"> </WorkingSetSizeKB><ImageFullName dt:dt="string"> </ImageFullName><ImageSize dt:dt="string"> </ImageSize><FileVersion dt:dt="string"> </FileVersion><LastModifiedDateTime dt:dt="string"> </LastModifiedDateTime></RunningApplication><RunningApplication><ImageName dt:dt="string">svchost.exe</ImageName><ProcessID dt:dt="string">5616</ProcessID><WorkingSetSizeKB dt:dt="string"> </WorkingSetSizeKB><ImageFullName dt:dt="string"> </ImageFullName><ImageSize dt:dt="string"> </ImageSize><FileVersion dt:dt="string"> </FileVersion><LastModifiedDateTime dt:dt="string"> </LastModifiedDateTime></RunningApplication><RunningApplication><ImageName dt:dt="string">svchost.exe</ImageName><ProcessID dt:dt="string">168</ProcessID><WorkingSetSizeKB dt:dt="string"> </WorkingSetSizeKB><ImageFullName dt:dt="string"> </ImageFullName><ImageSize dt:dt="string"> </ImageSize><FileVersion dt:dt="string"> </FileVersion><LastModifiedDateTime dt:dt="string"> </LastModifiedDateTime></RunningApplication><RunningApplication><ImageName dt:dt="string">svchost.exe</ImageName><ProcessID dt:dt="string">2676</ProcessID><WorkingSetSizeKB dt:dt="string"> </WorkingSetSizeKB><ImageFullName dt:dt="string"> </ImageFullName><ImageSize dt:dt="string"> </ImageSize><FileVersion dt:dt="string"> </FileVersion><LastModifiedDateTime dt:dt="string"> </LastModifiedDateTime></RunningApplication><RunningApplication><ImageName dt:dt="string">svchost.exe</ImageName><ProcessID dt:dt="string">6624</ProcessID><WorkingSetSizeKB dt:dt="string"> </WorkingSetSizeKB><ImageFullName dt:dt="string"> </ImageFullName><ImageSize dt:dt="string"> </ImageSize><FileVersion dt:dt="string"> </FileVersion><LastModifiedDateTime dt:dt="string"> </LastModifiedDateTime></RunningApplication><RunningApplication><ImageName dt:dt="string">svchost.exe</ImageName><ProcessID dt:dt="string">8072</ProcessID><WorkingSetSizeKB dt:dt="string"> </WorkingSetSizeKB><ImageFullName dt:dt="string"> </ImageFullName><ImageSize dt:dt="string"> </ImageSize><FileVersion dt:dt="string"> </FileVersion><LastModifiedDateTime dt:dt="string"> </LastModifiedDateTime></RunningApplication><RunningApplication><ImageName dt:dt="string">svchost.exe</ImageName><ProcessID dt:dt="string">9048</ProcessID><WorkingSetSizeKB dt:dt="string"> </WorkingSetSizeKB><ImageFullName dt:dt="string"> </ImageFullName><ImageSize dt:dt="string"> </ImageSize><FileVersion dt:dt="string"> </FileVersion><LastModifiedDateTime dt:dt="string"> </LastModifiedDateTime></RunningApplication><RunningApplication><ImageName dt:dt="string">SgrmBroker.exe</ImageName><ProcessID dt:dt="string">5648</ProcessID><WorkingSetSizeKB dt:dt="string"> </WorkingSetSizeKB><ImageFullName dt:dt="string"> </ImageFullName><ImageSize dt:dt="string"> </ImageSize><FileVersion dt:dt="string"> </FileVersion><LastModifiedDateTime dt:dt="string"> </LastModifiedDateTime></RunningApplication><RunningApplication><ImageName dt:dt="string">svchost.exe</ImageName><ProcessID dt:dt="string">6008</ProcessID><WorkingSetSizeKB dt:dt="string"> </WorkingSetSizeKB><ImageFullName dt:dt="string"> </ImageFullName><ImageSize dt:dt="string"> </ImageSize><FileVersion dt:dt="string"> </FileVersion><LastModifiedDateTime dt:dt="string"> </LastModifiedDateTime></RunningApplication><RunningApplication><ImageName dt:dt="string">svchost.exe</ImageName><ProcessID dt:dt="string">6608</ProcessID><WorkingSetSizeKB dt:dt="string"> </WorkingSetSizeKB><ImageFullName dt:dt="string"> </ImageFullName><ImageSize dt:dt="string"> </ImageSize><FileVersion dt:dt="string"> </FileVersion><LastModifiedDateTime dt:dt="string"> </LastModifiedDateTime></RunningApplication><RunningApplication><ImageName dt:dt="string">svchost.exe</ImageName><ProcessID dt:dt="string">6044</ProcessID><WorkingSetSizeKB dt:dt="string"> </WorkingSetSizeKB><ImageFullName dt:dt="string"> </ImageFullName><ImageSize dt:dt="string"> </ImageSize><FileVersion dt:dt="string"> </FileVersion><LastModifiedDateTime dt:dt="string"> </LastModifiedDateTime></RunningApplication><RunningApplication><ImageName dt:dt="string">svchost.exe</ImageName><ProcessID dt:dt="string">5408</ProcessID><WorkingSetSizeKB dt:dt="string"> </WorkingSetSizeKB><ImageFullName dt:dt="string"> </ImageFullName><ImageSize dt:dt="string"> </ImageSize><FileVersion dt:dt="string"> </FileVersion><LastModifiedDateTime dt:dt="string"> </LastModifiedDateTime></RunningApplication><RunningApplication><ImageName dt:dt="string">svchost.exe</ImageName><ProcessID dt:dt="string">796</ProcessID><WorkingSetSizeKB dt:dt="string"> </WorkingSetSizeKB><ImageFullName dt:dt="string"> </ImageFullName><ImageSize dt:dt="string"> </ImageSize><FileVersion dt:dt="string"> </FileVersion><LastModifiedDateTime dt:dt="string"> </LastModifiedDateTime></RunningApplication><RunningApplication><ImageName dt:dt="string">svchost.exe</ImageName><ProcessID dt:dt="string">9328</ProcessID><WorkingSetSizeKB dt:dt="string"> </WorkingSetSizeKB><ImageFullName dt:dt="string"> </ImageFullName><ImageSize dt:dt="string"> </ImageSize><FileVersion dt:dt="string"> </FileVersion><LastModifiedDateTime dt:dt="string"> </LastModifiedDateTime></RunningApplication><RunningApplication><ImageName dt:dt="string">svchost.exe</ImageName><ProcessID dt:dt="string">10232</ProcessID><WorkingSetSizeKB dt:dt="string"> </WorkingSetSizeKB><ImageFullName dt:dt="string"> </ImageFullName><ImageSize dt:dt="string"> </ImageSize><FileVersion dt:dt="string"> </FileVersion><LastModifiedDateTime dt:dt="string"> </LastModifiedDateTime></RunningApplication><RunningApplication><ImageName dt:dt="string">svchost.exe</ImageName><ProcessID dt:dt="string">5652</ProcessID><WorkingSetSizeKB dt:dt="string"> </WorkingSetSizeKB><ImageFullName dt:dt="string"> </ImageFullName><ImageSize dt:dt="string"> </ImageSize><FileVersion dt:dt="string"> </FileVersion><LastModifiedDateTime dt:dt="string"> </LastModifiedDateTime></RunningApplication><RunningApplication><ImageName dt:dt="string">svchost.exe</ImageName><ProcessID dt:dt="string">8896</ProcessID><WorkingSetSizeKB dt:dt="string"> </WorkingSetSizeKB><ImageFullName dt:dt="string"> </ImageFullName><ImageSize dt:dt="string"> </ImageSize><FileVersion dt:dt="string"> </FileVersion><LastModifiedDateTime dt:dt="string"> </LastModifiedDateTime></RunningApplication><RunningApplication><ImageName dt:dt="string">csrss.exe</ImageName><ProcessID dt:dt="string">1160</ProcessID><WorkingSetSizeKB dt:dt="string"> </WorkingSetSizeKB><ImageFullName dt:dt="string"> </ImageFullName><ImageSize dt:dt="string"> </ImageSize><FileVersion dt:dt="string"> </FileVersion><LastModifiedDateTime dt:dt="string"> </LastModifiedDateTime></RunningApplication><RunningApplication><ImageName dt:dt="string">svchost.exe</ImageName><ProcessID dt:dt="string">6028</ProcessID><WorkingSetSizeKB dt:dt="string"> </WorkingSetSizeKB><ImageFullName dt:dt="string"> </ImageFullName><ImageSize dt:dt="string"> </ImageSize><FileVersion dt:dt="string"> </FileVersion><LastModifiedDateTime dt:dt="string"> </LastModifiedDateTime></RunningApplication><RunningApplication><ImageName dt:dt="string">csrss.exe</ImageName><ProcessID dt:dt="string">3348</ProcessID><WorkingSetSizeKB dt:dt="string"> </WorkingSetSizeKB><ImageFullName dt:dt="string"> </ImageFullName><ImageSize dt:dt="string"> </ImageSize><FileVersion dt:dt="string"> </FileVersion><LastModifiedDateTime dt:dt="string"> </LastModifiedDateTime></RunningApplication><RunningApplication><ImageName dt:dt="string">winlogon.exe</ImageName><ProcessID dt:dt="string">7240</ProcessID><WorkingSetSizeKB dt:dt="string"> </WorkingSetSizeKB><ImageFullName dt:dt="string"> </ImageFullName><ImageSize dt:dt="string"> </ImageSize><FileVersion dt:dt="string"> </FileVersion><LastModifiedDateTime dt:dt="string"> </LastModifiedDateTime></RunningApplication><RunningApplication><ImageName dt:dt="string">fontdrvhost.exe</ImageName><ProcessID dt:dt="string">6352</ProcessID><WorkingSetSizeKB dt:dt="string"> </WorkingSetSizeKB><ImageFullName dt:dt="string"> </ImageFullName><ImageSize dt:dt="string"> </ImageSize><FileVersion dt:dt="string"> </FileVersion><LastModifiedDateTime dt:dt="string"> </LastModifiedDateTime></RunningApplication><RunningApplication><ImageName dt:dt="string">dwm.exe</ImageName><ProcessID dt:dt="string">9372</ProcessID><WorkingSetSizeKB dt:dt="string"> </WorkingSetSizeKB><ImageFullName dt:dt="string"> </ImageFullName><ImageSize dt:dt="string"> </ImageSize><FileVersion dt:dt="string"> </FileVersion><LastModifiedDateTime dt:dt="string"> </LastModifiedDateTime></RunningApplication><RunningApplication><ImageName dt:dt="string">nvxdsync.exe</ImageName><ProcessID dt:dt="string">4852</ProcessID><WorkingSetSizeKB dt:dt="string"> </WorkingSetSizeKB><ImageFullName dt:dt="string"> </ImageFullName><ImageSize dt:dt="string"> </ImageSize><FileVersion dt:dt="string"> </FileVersion><LastModifiedDateTime dt:dt="string"> </LastModifiedDateTime></RunningApplication><RunningApplication><ImageName dt:dt="string">sihost.exe</ImageName><ProcessID dt:dt="string">8308</ProcessID><WorkingSetSizeKB dt:dt="string">25264</WorkingSetSizeKB><ImageFullName dt:dt="string">C:\Windows\System32\sihost.exe</ImageFullName><ImageSize dt:dt="string"> </ImageSize><FileVersion dt:dt="string">10.0.17134.1</FileVersion><LastModifiedDateTime dt:dt="string"> </LastModifiedDateTime></RunningApplication><RunningApplication><ImageName dt:dt="string">svchost.exe</ImageName><ProcessID dt:dt="string">8592</ProcessID><WorkingSetSizeKB dt:dt="string">16109</WorkingSetSizeKB><ImageFullName dt:dt="string">C:\Windows\System32\svchost.exe</ImageFullName><ImageSize dt:dt="string">71456</ImageSize><FileVersion dt:dt="string">6.2.17134.556</FileVersion><LastModifiedDateTime dt:dt="string">01/09/2019 06:43:49</LastModifiedDateTime></RunningApplication><RunningApplication><ImageName dt:dt="string">svchost.exe</ImageName><ProcessID dt:dt="string">3988</ProcessID><WorkingSetSizeKB dt:dt="string">36229</WorkingSetSizeKB><ImageFullName dt:dt="string">C:\Windows\System32\svchost.exe</ImageFullName><ImageSize dt:dt="string">71456</ImageSize><FileVersion dt:dt="string">6.2.17134.556</FileVersion><LastModifiedDateTime dt:dt="string">01/09/2019 06:43:49</LastModifiedDateTime></RunningApplication><RunningApplication><ImageName dt:dt="string">taskhostw.exe</ImageName><ProcessID dt:dt="string">2296</ProcessID><WorkingSetSizeKB dt:dt="string">14536</WorkingSetSizeKB><ImageFullName dt:dt="string">C:\Windows\System32\taskhostw.exe</ImageFullName><ImageSize dt:dt="string"> </ImageSize><FileVersion dt:dt="string">10.0.17134.1</FileVersion><LastModifiedDateTime dt:dt="string"> </LastModifiedDateTime></RunningApplication><RunningApplication><ImageName dt:dt="string">explorer.exe</ImageName><ProcessID dt:dt="string">6124</ProcessID><WorkingSetSizeKB dt:dt="string">112046</WorkingSetSizeKB><ImageFullName dt:dt="string">C:\Windows\explorer.exe</ImageFullName><ImageSize dt:dt="string">3932672</ImageSize><FileVersion dt:dt="string">6.2.17134.165</FileVersion><LastModifiedDateTime dt:dt="string">12/21/2018 16:41:17</LastModifiedDateTime></RunningApplication><RunningApplication><ImageName dt:dt="string">igfxEM.exe</ImageName><ProcessID dt:dt="string">7724</ProcessID><WorkingSetSizeKB dt:dt="string">13090</WorkingSetSizeKB><ImageFullName dt:dt="string">C:\Windows\System32\igfxEM.exe</ImageFullName><ImageSize dt:dt="string"> </ImageSize><FileVersion dt:dt="string">6.15.10.4703</FileVersion><LastModifiedDateTime dt:dt="string"> </LastModifiedDateTime></RunningApplication><RunningApplication><ImageName dt:dt="string">igfxHK.exe</ImageName><ProcessID dt:dt="string">1068</ProcessID><WorkingSetSizeKB dt:dt="string">9187</WorkingSetSizeKB><ImageFullName dt:dt="string">C:\Windows\System32\igfxHK.exe</ImageFullName><ImageSize dt:dt="string"> </ImageSize><FileVersion dt:dt="string">6.15.10.4703</FileVersion><LastModifiedDateTime dt:dt="string"> </LastModifiedDateTime></RunningApplication><RunningApplication><ImageName dt:dt="string">igfxTray.exe</ImageName><ProcessID dt:dt="string">9340</ProcessID><WorkingSetSizeKB dt:dt="string">11763</WorkingSetSizeKB><ImageFullName dt:dt="string">C:\Windows\System32\igfxTray.exe</ImageFullName><ImageSize dt:dt="string"> </ImageSize><FileVersion dt:dt="string"> </FileVersion><LastModifiedDateTime dt:dt="string"> </LastModifiedDateTime></RunningApplication><RunningApplication><ImageName dt:dt="string">dllhost.exe</ImageName><ProcessID dt:dt="string">1044</ProcessID><WorkingSetSizeKB dt:dt="string">6774</WorkingSetSizeKB><ImageFullName dt:dt="string">C:\Windows\System32\dllhost.exe</ImageFullName><ImageSize dt:dt="string">19360</ImageSize><FileVersion dt:dt="string">6.2.17134.1</FileVersion><LastModifiedDateTime dt:dt="string">04/12/2018 01:34:50</LastModifiedDateTime></RunningApplication><RunningApplication><ImageName dt:dt="string">ShellExperienceHost.exe</ImageName><ProcessID dt:dt="string">2016</ProcessID><WorkingSetSizeKB dt:dt="string">85143</WorkingSetSizeKB><ImageFullName dt:dt="string">C:\Windows\SystemApps\ShellExperienceHost_cw5n1h2txyewy\ShellExperienceHost.exe</ImageFullName><ImageSize dt:dt="string">2173336</ImageSize><FileVersion dt:dt="string">6.2.17134.1</FileVersion><LastModifiedDateTime dt:dt="string">04/12/2018 01:33:58</LastModifiedDateTime></RunningApplication><RunningApplication><ImageName dt:dt="string">SearchUI.exe</ImageName><ProcessID dt:dt="string">6188</ProcessID><WorkingSetSizeKB dt:dt="string">112685</WorkingSetSizeKB><ImageFullName dt:dt="string">C:\Windows\SystemApps\Microsoft.Windows.Cortana_cw5n1h2txyewy\SearchUI.exe</ImageFullName><ImageSize dt:dt="string">13599760</ImageSize><FileVersion dt:dt="string">6.2.17134.590</FileVersion><LastModifiedDateTime dt:dt="string">02/06/2019 04:02:38</LastModifiedDateTime></RunningApplication><RunningApplication><ImageName dt:dt="string">RuntimeBroker.exe</ImageName><ProcessID dt:dt="string">6716</ProcessID><WorkingSetSizeKB dt:dt="string">16867</WorkingSetSizeKB><ImageFullName dt:dt="string">C:\Windows\System32\RuntimeBroker.exe</ImageFullName><ImageSize dt:dt="string"> </ImageSize><FileVersion dt:dt="string">10.0.17134.1</FileVersion><LastModifiedDateTime dt:dt="string"> </LastModifiedDateTime></RunningApplication><RunningApplication><ImageName dt:dt="string">RuntimeBroker.exe</ImageName><ProcessID dt:dt="string">10116</ProcessID><WorkingSetSizeKB dt:dt="string">22953</WorkingSetSizeKB><ImageFullName dt:dt="string">C:\Windows\System32\RuntimeBroker.exe</ImageFullName><ImageSize dt:dt="string"> </ImageSize><FileVersion dt:dt="string">10.0.17134.1</FileVersion><LastModifiedDateTime dt:dt="string"> </LastModifiedDateTime></RunningApplication><RunningApplication><ImageName dt:dt="string">ApplicationFrameHost.exe</ImageName><ProcessID dt:dt="string">7012</ProcessID><WorkingSetSizeKB dt:dt="string">34000</WorkingSetSizeKB><ImageFullName dt:dt="string">C:\Windows\System32\ApplicationFrameHost.exe</ImageFullName><ImageSize dt:dt="string"> </ImageSize><FileVersion dt:dt="string">10.0.17134.1</FileVersion><LastModifiedDateTime dt:dt="string"> </LastModifiedDateTime></RunningApplication><RunningApplication><ImageName dt:dt="string">Video.UI.exe</ImageName><ProcessID dt:dt="string">5152</ProcessID><WorkingSetSizeKB dt:dt="string">581</WorkingSetSizeKB><ImageFullName dt:dt="string">C:\Program Files\WindowsApps\Microsoft.ZuneVideo_10.19021.10411.0_x64__8wekyb3d8bbwe\Video.UI.exe</ImageFullName><ImageSize dt:dt="string">26143744</ImageSize><FileVersion dt:dt="string">10.19021.1041.0</FileVersion><LastModifiedDateTime dt:dt="string">03/11/2019 13:12:17</LastModifiedDateTime></RunningApplication><RunningApplication><ImageName dt:dt="string">SkypeBackgroundHost.exe</ImageName><ProcessID dt:dt="string">10024</ProcessID><WorkingSetSizeKB dt:dt="string">77</WorkingSetSizeKB><ImageFullName dt:dt="string">C:\Program Files\WindowsApps\Microsoft.SkypeApp_14.40.70.0_x64__kzf8qxf38zg5c\SkypeBackgroundHost.exe</ImageFullName><ImageSize dt:dt="string">182272</ImageSize><FileVersion dt:dt="string">8.40.0.70</FileVersion><LastModifiedDateTime dt:dt="string">03/11/2019 13:11:28</LastModifiedDateTime></RunningApplication><RunningApplication><ImageName dt:dt="string">MicrosoftEdge.exe</ImageName><ProcessID dt:dt="string">9200</ProcessID><WorkingSetSizeKB dt:dt="string">62115</WorkingSetSizeKB><ImageFullName dt:dt="string">C:\Windows\SystemApps\Microsoft.MicrosoftEdge_8wekyb3d8bbwe\MicrosoftEdge.exe</ImageFullName><ImageSize dt:dt="string">14967112</ImageSize><FileVersion dt:dt="string">11.0.17134.556</FileVersion><LastModifiedDateTime dt:dt="string">01/09/2019 09:47:38</LastModifiedDateTime></RunningApplication><RunningApplication><ImageName dt:dt="string">browser_broker.exe</ImageName><ProcessID dt:dt="string">3000</ProcessID><WorkingSetSizeKB dt:dt="string">9416</WorkingSetSizeKB><ImageFullName dt:dt="string">C:\Windows\System32\browser_broker.exe</ImageFullName><ImageSize dt:dt="string"> </ImageSize><FileVersion dt:dt="string">11.0.17134.590</FileVersion><LastModifiedDateTime dt:dt="string"> </LastModifiedDateTime></RunningApplication><RunningApplication><ImageName dt:dt="string">RuntimeBroker.exe</ImageName><ProcessID dt:dt="string">8380</ProcessID><WorkingSetSizeKB dt:dt="string">17784</WorkingSetSizeKB><ImageFullName dt:dt="string">C:\Windows\System32\RuntimeBroker.exe</ImageFullName><ImageSize dt:dt="string"> </ImageSize><FileVersion dt:dt="string">10.0.17134.1</FileVersion><LastModifiedDateTime dt:dt="string"> </LastModifiedDateTime></RunningApplication><RunningApplication><ImageName dt:dt="string">RuntimeBroker.exe</ImageName><ProcessID dt:dt="string">10196</ProcessID><WorkingSetSizeKB dt:dt="string">7237</WorkingSetSizeKB><ImageFullName dt:dt="string">C:\Windows\System32\RuntimeBroker.exe</ImageFullName><ImageSize dt:dt="string"> </ImageSize><FileVersion dt:dt="string">10.0.17134.1</FileVersion><LastModifiedDateTime dt:dt="string"> </LastModifiedDateTime></RunningApplication><RunningApplication><ImageName dt:dt="string">ctfmon.exe</ImageName><ProcessID dt:dt="string">9000</ProcessID><WorkingSetSizeKB dt:dt="string"> </WorkingSetSizeKB><ImageFullName dt:dt="string"> </ImageFullName><ImageSize dt:dt="string"> </ImageSize><FileVersion dt:dt="string"> </FileVersion><LastModifiedDateTime dt:dt="string"> </LastModifiedDateTime></RunningApplication><RunningApplication><ImageName dt:dt="string">MicrosoftEdgeCP.exe</ImageName><ProcessID dt:dt="string">5812</ProcessID><WorkingSetSizeKB dt:dt="string">23511</WorkingSetSizeKB><ImageFullName dt:dt="string">C:\Windows\SystemApps\Microsoft.MicrosoftEdge_8wekyb3d8bbwe\MicrosoftEdgeCP.exe</ImageFullName><ImageSize dt:dt="string">237384</ImageSize><FileVersion dt:dt="string">11.0.17134.556</FileVersion><LastModifiedDateTime dt:dt="string">01/09/2019 09:45:40</LastModifiedDateTime></RunningApplication><RunningApplication><ImageName dt:dt="string">MicrosoftEdgeCP.exe</ImageName><ProcessID dt:dt="string">3892</ProcessID><WorkingSetSizeKB dt:dt="string">26202</WorkingSetSizeKB><ImageFullName dt:dt="string">C:\Windows\SystemApps\Microsoft.MicrosoftEdge_8wekyb3d8bbwe\MicrosoftEdgeCP.exe</ImageFullName><ImageSize dt:dt="string">237384</ImageSize><FileVersion dt:dt="string">11.0.17134.556</FileVersion><LastModifiedDateTime dt:dt="string">01/09/2019 09:45:40</LastModifiedDateTime></RunningApplication><RunningApplication><ImageName dt:dt="string">nvtray.exe</ImageName><ProcessID dt:dt="string">6508</ProcessID><WorkingSetSizeKB dt:dt="string">12697</WorkingSetSizeKB><ImageFullName dt:dt="string">C:\Program Files\NVIDIA Corporation\Display\nvtray.exe</ImageFullName><ImageSize dt:dt="string">2456632</ImageSize><FileVersion dt:dt="string">7.17.13.7654</FileVersion><LastModifiedDateTime dt:dt="string">12/29/2016 14:16:14</LastModifiedDateTime></RunningApplication><RunningApplication><ImageName dt:dt="string">nvtray.exe</ImageName><ProcessID dt:dt="string">2924</ProcessID><WorkingSetSizeKB dt:dt="string">15294</WorkingSetSizeKB><ImageFullName dt:dt="string">C:\Program Files\NVIDIA Corporation\Display\nvtray.exe</ImageFullName><ImageSize dt:dt="string">2456632</ImageSize><FileVersion dt:dt="string">7.17.13.7654</FileVersion><LastModifiedDateTime dt:dt="string">12/29/2016 14:16:14</LastModifiedDateTime></RunningApplication><RunningApplication><ImageName dt:dt="string">NvBackend.exe</ImageName><ProcessID dt:dt="string">1344</ProcessID><WorkingSetSizeKB dt:dt="string">11509</WorkingSetSizeKB><ImageFullName dt:dt="string">C:\Program Files (x86)\NVIDIA Corporation\Update Core\NvBackend.exe</ImageFullName><ImageSize dt:dt="string">1795728</ImageSize><FileVersion dt:dt="string">10.4.0.5</FileVersion><LastModifiedDateTime dt:dt="string">07/13/2015 20:45:08</LastModifiedDateTime></RunningApplication><RunningApplication><ImageName dt:dt="string">RuntimeBroker.exe</ImageName><ProcessID dt:dt="string">6436</ProcessID><WorkingSetSizeKB dt:dt="string">8409</WorkingSetSizeKB><ImageFullName dt:dt="string">C:\Windows\System32\RuntimeBroker.exe</ImageFullName><ImageSize dt:dt="string"> </ImageSize><FileVersion dt:dt="string">10.0.17134.1</FileVersion><LastModifiedDateTime dt:dt="string"> </LastModifiedDateTime></RunningApplication><RunningApplication><ImageName dt:dt="string">MSASCuiL.exe</ImageName><ProcessID dt:dt="string">7132</ProcessID><WorkingSetSizeKB dt:dt="string">9400</WorkingSetSizeKB><ImageFullName dt:dt="string">C:\Program Files\Windows Defender\MSASCuiL.exe</ImageFullName><ImageSize dt:dt="string">638872</ImageSize><FileVersion dt:dt="string">4.13.17134.1</FileVersion><LastModifiedDateTime dt:dt="string">04/12/2018 01:33:58</LastModifiedDateTime></RunningApplication><RunningApplication><ImageName dt:dt="string">RAVCpl64.exe</ImageName><ProcessID dt:dt="string">3872</ProcessID><WorkingSetSizeKB dt:dt="string">13426</WorkingSetSizeKB><ImageFullName dt:dt="string">C:\Program Files\Realtek\Audio\HDA\RAVCpl64.exe</ImageFullName><ImageSize dt:dt="string">14049536</ImageSize><FileVersion dt:dt="string">1.0.0.971</FileVersion><LastModifiedDateTime dt:dt="string">07/09/2015 18:42:00</LastModifiedDateTime></RunningApplication><RunningApplication><ImageName dt:dt="string">LWS.exe</ImageName><ProcessID dt:dt="string">6592</ProcessID><WorkingSetSizeKB dt:dt="string">15593</WorkingSetSizeKB><ImageFullName dt:dt="string">C:\Program Files (x86)\Logitech\LWS\Webcam Software\LWS.exe</ImageFullName><ImageSize dt:dt="string">204136</ImageSize><FileVersion dt:dt="string">13.51.815.0</FileVersion><LastModifiedDateTime dt:dt="string">09/13/2012 00:38:44</LastModifiedDateTime></RunningApplication><RunningApplication><ImageName dt:dt="string">CameraHelperShell.exe</ImageName><ProcessID dt:dt="string">6528</ProcessID><WorkingSetSizeKB dt:dt="string">20889</WorkingSetSizeKB><ImageFullName dt:dt="string">C:\Program Files (x86)\Logitech\LWS\Webcam Software\CameraHelperShell.exe</ImageFullName><ImageSize dt:dt="string">264040</ImageSize><FileVersion dt:dt="string">13.51.815.0</FileVersion><LastModifiedDateTime dt:dt="string">09/13/2012 00:38:20</LastModifiedDateTime></RunningApplication><RunningApplication><ImageName dt:dt="string">svchost.exe</ImageName><ProcessID dt:dt="string">7984</ProcessID><WorkingSetSizeKB dt:dt="string">11743</WorkingSetSizeKB><ImageFullName dt:dt="string">C:\Windows\System32\svchost.exe</ImageFullName><ImageSize dt:dt="string">71456</ImageSize><FileVersion dt:dt="string">6.2.17134.556</FileVersion><LastModifiedDateTime dt:dt="string">01/09/2019 06:43:49</LastModifiedDateTime></RunningApplication><RunningApplication><ImageName dt:dt="string">Microsoft.Photos.exe</ImageName><ProcessID dt:dt="string">9728</ProcessID><WorkingSetSizeKB dt:dt="string">28241</WorkingSetSizeKB><ImageFullName dt:dt="string">C:\Program Files\WindowsApps\Microsoft.Windows.Photos_2019.18114.17710.0_x64__8wekyb3d8bbwe\Microsoft.Photos.exe</ImageFullName><ImageSize dt:dt="string">481280</ImageSize><FileVersion dt:dt="string">2019.18114.17710.0</FileVersion><LastModifiedDateTime dt:dt="string">02/18/2019 12:42:42</LastModifiedDateTime></RunningApplication><RunningApplication><ImageName dt:dt="string">RuntimeBroker.exe</ImageName><ProcessID dt:dt="string">4836</ProcessID><WorkingSetSizeKB dt:dt="string">29143</WorkingSetSizeKB><ImageFullName dt:dt="string">C:\Windows\System32\RuntimeBroker.exe</ImageFullName><ImageSize dt:dt="string"> </ImageSize><FileVersion dt:dt="string">10.0.17134.1</FileVersion><LastModifiedDateTime dt:dt="string"> </LastModifiedDateTime></RunningApplication><RunningApplication><ImageName dt:dt="string">WinStore.App.exe</ImageName><ProcessID dt:dt="string">9236</ProcessID><WorkingSetSizeKB dt:dt="string">61288</WorkingSetSizeKB><ImageFullName dt:dt="string">C:\Program Files\WindowsApps\Microsoft.WindowsStore_11811.1001.18.0_x64__8wekyb3d8bbwe\WinStore.App.exe</ImageFullName><ImageSize dt:dt="string">16384</ImageSize><FileVersion dt:dt="string">11811.1001.18.0</FileVersion><LastModifiedDateTime dt:dt="string">02/18/2019 12:42:44</LastModifiedDateTime></RunningApplication><RunningApplication><ImageName dt:dt="string">RuntimeBroker.exe</ImageName><ProcessID dt:dt="string">2100</ProcessID><WorkingSetSizeKB dt:dt="string">7626</WorkingSetSizeKB><ImageFullName dt:dt="string">C:\Windows\System32\RuntimeBroker.exe</ImageFullName><ImageSize dt:dt="string"> </ImageSize><FileVersion dt:dt="string">10.0.17134.1</FileVersion><LastModifiedDateTime dt:dt="string"> </LastModifiedDateTime></RunningApplication><RunningApplication><ImageName dt:dt="string">SystemSettings.exe</ImageName><ProcessID dt:dt="string">5172</ProcessID><WorkingSetSizeKB dt:dt="string">47054</WorkingSetSizeKB><ImageFullName dt:dt="string">C:\Windows\ImmersiveControlPanel\SystemSettings.exe</ImageFullName><ImageSize dt:dt="string">95128</ImageSize><FileVersion dt:dt="string">6.2.17134.112</FileVersion><LastModifiedDateTime dt:dt="string">12/21/2018 16:41:05</LastModifiedDateTime></RunningApplication><RunningApplication><ImageName dt:dt="string">E-Run.exe</ImageName><ProcessID dt:dt="string">2120</ProcessID><WorkingSetSizeKB dt:dt="string">55332</WorkingSetSizeKB><ImageFullName dt:dt="string">C:\Program Files (x86)\PST\E-Prime 2.0\Program\E-Run.exe</ImageFullName><ImageSize dt:dt="string">672552</ImageSize><FileVersion dt:dt="string">2.0.10.254</FileVersion><LastModifiedDateTime dt:dt="string">03/23/2015 18:06:30</LastModifiedDateTime></RunningApplication><RunningApplication><ImageName dt:dt="string">audiodg.exe</ImageName><ProcessID dt:dt="string">9176</ProcessID><WorkingSetSizeKB dt:dt="string"> </WorkingSetSizeKB><ImageFullName dt:dt="string"> </ImageFullName><ImageSize dt:dt="string"> </ImageSize><FileVersion dt:dt="string"> </FileVersion><LastModifiedDateTime dt:dt="string"> </LastModifiedDateTime></RunningApplication><RunningApplication><ImageName dt:dt="string">FMAPP.exe</ImageName><ProcessID dt:dt="string">8916</ProcessID><WorkingSetSizeKB dt:dt="string">8630</WorkingSetSizeKB><ImageFullName dt:dt="string">C:\Program Files\Realtek\Audio\HDA\FMAPP.exe</ImageFullName><ImageSize dt:dt="string">133184</ImageSize><FileVersion dt:dt="string">1.64.0.5</FileVersion><LastModifiedDateTime dt:dt="string">07/09/2015 18:41:58</LastModifiedDateTime></RunningApplication><RunningApplication><ImageName dt:dt="string">svchost.exe</ImageName><ProcessID dt:dt="string">7296</ProcessID><WorkingSetSizeKB dt:dt="string"> </WorkingSetSizeKB><ImageFullName dt:dt="string"> </ImageFullName><ImageSize dt:dt="string"> </ImageSize><FileVersion dt:dt="string"> </FileVersion><LastModifiedDateTime dt:dt="string"> </LastModifiedDateTime></RunningApplication><RunningApplication><ImageName dt:dt="string">SearchProtocolHost.exe</ImageName><ProcessID dt:dt="string">9420</ProcessID><WorkingSetSizeKB dt:dt="string"> </WorkingSetSizeKB><ImageFullName dt:dt="string"> </ImageFullName><ImageSize dt:dt="string"> </ImageSize><FileVersion dt:dt="string"> </FileVersion><LastModifiedDateTime dt:dt="string"> </LastModifiedDateTime></RunningApplication><RunningApplication><ImageName dt:dt="string">SearchFilterHost.exe</ImageName><ProcessID dt:dt="string">5916</ProcessID><WorkingSetSizeKB dt:dt="string"> </WorkingSetSizeKB><ImageFullName dt:dt="string"> </ImageFullName><ImageSize dt:dt="string"> </ImageSize><FileVersion dt:dt="string"> </FileVersion><LastModifiedDateTime dt:dt="string"> </LastModifiedDateTime></RunningApplication></RunningApplications><OperatingSystem><Property><PropertyName dt:dt="string">Description</PropertyName><PropertyValue dt:dt="string">(unknown)</PropertyValue></Property><Property><PropertyName dt:dt="string">VersionMajor</PropertyName><PropertyValue>10</PropertyValue></Property><Property><PropertyName dt:dt="string">VersionMinor</PropertyName><PropertyValue>0</PropertyValue></Property><Property><PropertyName dt:dt="string">BuildNumber</PropertyName><PropertyValue>0</PropertyValue></Property><Property><PropertyName dt:dt="string">PlatformNumber</PropertyName><PropertyValue>2</PropertyValue></Property><Property><PropertyName dt:dt="string">VersionExtra</PropertyName><PropertyValue dt:dt="string"></PropertyValue></Property><Property><PropertyName dt:dt="string">ServicePackMajor</PropertyName><PropertyValue dt:dt="int">0</PropertyValue></Property><Property><PropertyName dt:dt="string">ServicePackMinor</PropertyName><PropertyValue dt:dt="int">0</PropertyValue></Property><Property><PropertyName dt:dt="string">SuiteMask</PropertyName><PropertyValue dt:dt="int">256</PropertyValue></Property><Property><PropertyName dt:dt="string">ProductType</PropertyName><PropertyValue dt:dt="int">1</PropertyValue></Property><Property><PropertyName dt:dt="string">Reserved</PropertyName><PropertyValue dt:dt="int">0</PropertyValue></Property></OperatingSystem><BIOS><Type0><Property><PropertyName dt:dt="string">Vendor</PropertyName><PropertyValue dt:dt="string">Insyde Corp.</PropertyValue></Property><Property><PropertyName dt:dt="string">BIOSVersion</PropertyName><PropertyValue dt:dt="string">V1.35</PropertyValue></Property><Property><PropertyName dt:dt="string">BIOSReleaseDate</PropertyName><PropertyValue dt:dt="string">11/30/2015</PropertyValue></Property></Type0><Type1><Property><PropertyName dt:dt="string">Manufacture</PropertyName><PropertyValue dt:dt="string">Acer</PropertyValue></Property><Property><PropertyName dt:dt="string">ProductName</PropertyName><PropertyValue dt:dt="string">Aspire E5-573G</PropertyValue></Property><Property><PropertyName dt:dt="string">Version</PropertyName><PropertyValue dt:dt="string">V3.72</PropertyValue></Property><Property><PropertyName dt:dt="string">SerialNumber</PropertyName><PropertyValue dt:dt="string">NXMVREV0165510A3687600</PropertyValue></Property></Type1><Type2><Property><PropertyName dt:dt="string">Manufacture</PropertyName><PropertyValue dt:dt="string">Acer</PropertyValue></Property><Property><PropertyName dt:dt="string">ProductName</PropertyName><PropertyValue dt:dt="string">ZORO_BH</PropertyValue></Property><Property><PropertyName dt:dt="string">Version</PropertyName><PropertyValue dt:dt="string">Type2 - A01 Board Version</PropertyValue></Property><Property><PropertyName dt:dt="string">SerialNumber</PropertyName><PropertyValue dt:dt="string">NBMVM110075510A3687600</PropertyValue></Property><Property><PropertyName dt:dt="string">AssetTag</PropertyName><PropertyValue dt:dt="string">Type2 - Board Asset Tag</PropertyValue></Property></Type2><Type3><Property><PropertyName dt:dt="string">Manufacture</PropertyName><PropertyValue dt:dt="string">Chassis Manufacturer</PropertyValue></Property><Property><PropertyName dt:dt="string">Version</PropertyName><PropertyValue dt:dt="string">Chassis Version</PropertyValue></Property><Property><PropertyName dt:dt="string">SerialNumber</PropertyName><PropertyValue dt:dt="string">Chassis Serial Number</PropertyValue></Property><Property><PropertyName dt:dt="string">AssetTag</PropertyName><PropertyValue dt:dt="string">                      </PropertyValue></Property></Type3></BIOS></Report>
