Subject,Self,Stranger,Diff_SelfMinusStranger
Constable_2019_EPHPP_Exp1_Clean.csv_1,992.7587106388889,923.7727057083333,68.98600493055562
Constable_2019_EPHPP_Exp1_Clean.csv_10,805.0306314861111,833.5102581126761,-28.479626626564936
Constable_2019_EPHPP_Exp1_Clean.csv_11,816.0363820476191,807.3841699850747,8.652212062544436
Constable_2019_EPHPP_Exp1_Clean.csv_12,946.1675402535211,919.8726562676056,26.294883985915476
Constable_2019_EPHPP_Exp1_Clean.csv_13,978.3213579577465,1007.0115800882353,-28.69022213048879
Constable_2019_EPHPP_Exp1_Clean.csv_14,860.8150149444444,846.4589246805556,14.35609026388886
Constable_2019_EPHPP_Exp1_Clean.csv_15,775.8635655277777,756.6485758611111,19.21498966666661
Constable_2019_EPHPP_Exp1_Clean.csv_16,750.6414569014084,802.0260291527778,-51.38457225136938
Constable_2019_EPHPP_Exp1_Clean.csv_17,824.9309525833334,805.7270610694444,19.203891513888948
Constable_2019_EPHPP_Exp1_Clean.csv_18,1033.4931366911765,1009.5535075633803,23.939629127796138
Constable_2019_EPHPP_Exp1_Clean.csv_19,954.7966184444444,926.9264951126761,27.870123331768355
Constable_2019_EPHPP_Exp1_Clean.csv_2,1105.7053616805556,1033.4928103943662,72.21255128618941
Constable_2019_EPHPP_Exp1_Clean.csv_20,854.1596915211268,885.8057706388889,-31.646079117762156
Constable_2019_EPHPP_Exp1_Clean.csv_21,1020.5283317777778,966.3664596944444,54.16187208333338
Constable_2019_EPHPP_Exp1_Clean.csv_22,826.691801056338,812.6052978309859,14.08650322535209
Constable_2019_EPHPP_Exp1_Clean.csv_23,706.4218205277778,680.9213214084507,25.50049911932706
Constable_2019_EPHPP_Exp1_Clean.csv_24,668.2255501388889,703.8769239444445,-35.65137380555552
Constable_2019_EPHPP_Exp1_Clean.csv_25,841.3740649305556,821.0068207916667,20.367244138888964
Constable_2019_EPHPP_Exp1_Clean.csv_26,938.367431875,997.3864967222222,-59.01906484722224
Constable_2019_EPHPP_Exp1_Clean.csv_27,789.8387785915493,802.5122192816901,-12.673440690140865
Constable_2019_EPHPP_Exp1_Clean.csv_28,695.3116678888889,717.7696181666666,-22.45795027777774
Constable_2019_EPHPP_Exp1_Clean.csv_3,699.2513882638889,686.2797620972223,12.971626166666624
Constable_2019_EPHPP_Exp1_Clean.csv_4,972.3854590277778,865.4426448055556,106.94281422222218
Constable_2019_EPHPP_Exp1_Clean.csv_5,880.4891335277778,792.533949486111,87.95518404166671
Constable_2019_EPHPP_Exp1_Clean.csv_6,911.5146664027778,885.827394875,25.687271527777852
Constable_2019_EPHPP_Exp1_Clean.csv_7,1064.9247777,1149.685451943662,-84.76067424366192
Constable_2019_EPHPP_Exp1_Clean.csv_8,904.7903997222222,918.2152288194444,-13.424829097222187
Constable_2019_EPHPP_Exp1_Clean.csv_9,807.8070559861111,936.6021377571428,-128.79508177103173
Constable_2019_EPHPP_Exp3_Clean.csv_1,896.6765207611941,1035.0803125873015,-138.4037918261074
Constable_2019_EPHPP_Exp3_Clean.csv_10,844.8375424861111,927.9339113333333,-83.09636884722215
Constable_2019_EPHPP_Exp3_Clean.csv_11,805.2682054861111,865.6724961111111,-60.40429062499993
Constable_2019_EPHPP_Exp3_Clean.csv_12,750.1654737361112,738.8283778472222,11.337095888888939
Constable_2019_EPHPP_Exp3_Clean.csv_13,878.4137336944444,902.1300234264706,-23.716289732026212
Constable_2019_EPHPP_Exp3_Clean.csv_14,714.5242548194444,825.2884796901409,-110.76422487069647
Constable_2019_EPHPP_Exp3_Clean.csv_15,767.2924456944445,786.9765896388889,-19.684143944444372
Constable_2019_EPHPP_Exp3_Clean.csv_16,785.1214500555556,788.8991310985915,-3.7776810430359546
Constable_2019_EPHPP_Exp3_Clean.csv_17,900.1626860555556,982.3401212916666,-82.17743523611102
Constable_2019_EPHPP_Exp3_Clean.csv_18,725.8700581111111,767.5295746388889,-41.65951652777778
Constable_2019_EPHPP_Exp3_Clean.csv_19,958.8467768873239,1030.4790827777779,-71.63230589045395
Constable_2019_EPHPP_Exp3_Clean.csv_2,945.0020890985916,1099.680632661972,-154.67854356338034
Constable_2019_EPHPP_Exp3_Clean.csv_20,818.9122394583334,904.09537175,-85.18313229166665
Constable_2019_EPHPP_Exp3_Clean.csv_21,941.8283805138889,947.3931457222222,-5.56476520833337
Constable_2019_EPHPP_Exp3_Clean.csv_22,800.859285875,813.6003941666667,-12.741108291666706
Constable_2019_EPHPP_Exp3_Clean.csv_23,900.6266624583334,935.1201992916666,-34.49353683333322
Constable_2019_EPHPP_Exp3_Clean.csv_24,818.6936198888889,867.3053067916667,-48.61168690277782
Constable_2019_EPHPP_Exp3_Clean.csv_25,886.7440793472222,933.2680367746478,-46.52395742742567
Constable_2019_EPHPP_Exp3_Clean.csv_26,811.4399333943662,899.9367186388889,-88.4967852445227
Constable_2019_EPHPP_Exp3_Clean.csv_27,965.4428900694444,1076.6883424929576,-111.24545242351326
Constable_2019_EPHPP_Exp3_Clean.csv_28,755.49823125,789.521188125,-34.02295687499998
Constable_2019_EPHPP_Exp3_Clean.csv_3,816.6202354583334,968.243635084507,-151.62339962617364
Constable_2019_EPHPP_Exp3_Clean.csv_4,1000.6426076571429,1009.7984138873239,-9.155806230181042
Constable_2019_EPHPP_Exp3_Clean.csv_5,1037.8975984444444,1076.489766057971,-38.592167613526726
Constable_2019_EPHPP_Exp3_Clean.csv_6,650.4102835070422,727.22929,-76.81900649295778
Constable_2019_EPHPP_Exp3_Clean.csv_7,845.0661614305556,922.1509113333333,-77.08474990277773
Constable_2019_EPHPP_Exp3_Clean.csv_8,860.6817665416667,949.1482844861112,-88.46651794444449
Constable_2019_EPHPP_Exp3_Clean.csv_9,968.6740993888889,1031.6059898732394,-62.93189048435056
Constable_2020_CE_Exp1_Clean.csv_1,589.0630391526316,611.1139006073298,-22.05086145469818
Constable_2020_CE_Exp1_Clean.csv_10,808.5312748894737,739.4246782916666,69.10659659780708
Constable_2020_CE_Exp1_Clean.csv_11,618.1070441937172,611.651819356021,6.455224837696278
Constable_2020_CE_Exp1_Clean.csv_12,759.6452747707007,696.0359876595745,63.60928711112615
Constable_2020_CE_Exp1_Clean.csv_13,545.3979353842105,537.6692985894737,7.728636794736872
Constable_2020_CE_Exp1_Clean.csv_14,923.1822929903847,829.5611167741936,93.62117621619109
Constable_2020_CE_Exp1_Clean.csv_15,831.3188744550265,847.3253991770833,-16.006524722056838
Constable_2020_CE_Exp1_Clean.csv_16,788.5187371481481,743.2264314894737,45.29230565867442
Constable_2020_CE_Exp1_Clean.csv_17,693.5625492947369,680.3116394157895,13.250909878947368
Constable_2020_CE_Exp1_Clean.csv_18,704.824342,641.2863057083333,63.538036291666685
Constable_2020_CE_Exp1_Clean.csv_19,745.0022471822916,777.4655197552083,-32.46327257291671
Constable_2020_CE_Exp1_Clean.csv_2,321.6673780952381,341.2575318095238,-19.59015371428569
Constable_2020_CE_Exp1_Clean.csv_20,867.6074674083769,816.9855415416666,50.621925866710285
Constable_2020_CE_Exp1_Clean.csv_21,453.7056733020833,463.57542741052634,-9.869754108443033
Constable_2020_CE_Exp1_Clean.csv_22,712.8243498952879,575.1942359583334,137.63011393695456
Constable_2020_CE_Exp1_Clean.csv_23,782.4598276021505,794.8574612941177,-12.397633691967144
Constable_2020_CE_Exp1_Clean.csv_24,818.5939229685864,773.6227999947916,44.97112297379476
Constable_2020_CE_Exp1_Clean.csv_25,278.30182948876404,302.8382226797753,-24.536393191011257
Constable_2020_CE_Exp1_Clean.csv_26,643.2275217157895,612.5708554583333,30.65666625745621
Constable_2020_CE_Exp1_Clean.csv_27,523.5956199148936,496.6584125319149,26.937207382978727
Constable_2020_CE_Exp1_Clean.csv_28,802.6675514840425,781.9218887421052,20.74566274193728
Constable_2020_CE_Exp1_Clean.csv_29,891.3433167580645,937.7047989166666,-46.36148215860214
Constable_2020_CE_Exp1_Clean.csv_3,637.4421046086957,622.381583944134,15.060520664561636
Constable_2020_CE_Exp1_Clean.csv_30,431.4479475714286,396.6176542010582,34.830293370370384
Constable_2020_CE_Exp1_Clean.csv_31,630.1034016875,644.8710122760417,-14.767610588541743
Constable_2020_CE_Exp1_Clean.csv_32,1108.659297402174,1042.3959530491804,66.2633443529935
Constable_2020_CE_Exp1_Clean.csv_33,563.4571260989584,561.279810609375,2.177315489583407
Constable_2020_CE_Exp1_Clean.csv_34,853.5856141764706,755.7293405549739,97.85627362149671
Constable_2020_CE_Exp1_Clean.csv_35,679.7003347486338,673.4084295519126,6.291905196721245
Constable_2020_CE_Exp1_Clean.csv_36,813.3334184603175,743.5946154791667,69.7388029811508
Constable_2020_CE_Exp1_Clean.csv_37,661.3223330677083,661.387433984375,-0.0651009166666654
Constable_2020_CE_Exp1_Clean.csv_38,798.8487076368422,780.8609247643979,17.987782872444313
Constable_2020_CE_Exp1_Clean.csv_39,753.5526288324608,732.786386722513,20.76624210994771
Constable_2020_CE_Exp1_Clean.csv_4,713.0988675555556,611.0758460052083,102.02302155034727
Constable_2020_CE_Exp1_Clean.csv_40,739.3116186510416,738.8866646458333,0.4249540052082921
Constable_2020_CE_Exp1_Clean.csv_41,769.5337257905759,783.0585321989529,-13.524806408377003
Constable_2020_CE_Exp1_Clean.csv_42,800.3711298743456,773.7329836052631,26.638146269082426
Constable_2020_CE_Exp1_Clean.csv_43,782.1071248783069,795.4878789259259,-13.380754047619007
Constable_2020_CE_Exp1_Clean.csv_44,892.4595257120419,812.6670409042554,79.79248480778654
Constable_2020_CE_Exp1_Clean.csv_45,559.1065492083334,573.34394159375,-14.23739238541657
Constable_2020_CE_Exp1_Clean.csv_46,684.3201736592179,666.7305293243244,17.589644334893478
Constable_2020_CE_Exp1_Clean.csv_47,721.9275248677249,727.2945496979166,-5.367024830191781
Constable_2020_CE_Exp1_Clean.csv_48,889.0781251223405,838.9628109479166,50.115314174423816
Constable_2020_CE_Exp1_Clean.csv_49,646.0646920628272,710.5361276117021,-64.47143554887487
Constable_2020_CE_Exp1_Clean.csv_5,740.6018931875,729.7502885572917,10.851604630208271
Constable_2020_CE_Exp1_Clean.csv_50,627.0986757393617,548.1669896492147,78.93168609014708
Constable_2020_CE_Exp1_Clean.csv_51,704.1225498167539,695.2042023802084,8.91834743654556
Constable_2020_CE_Exp1_Clean.csv_52,500.2452627228261,459.2033773924731,41.04188533035301
Constable_2020_CE_Exp1_Clean.csv_53,261.33405070555557,269.74448851704545,-8.410437811489885
Constable_2020_CE_Exp1_Clean.csv_54,661.0889587916666,669.157839359375,-8.068880567708334
Constable_2020_CE_Exp1_Clean.csv_55,772.95558996875,750.3664025340314,22.58918743471861
Constable_2020_CE_Exp1_Clean.csv_56,584.4980579679144,543.2485620851064,41.24949588280799
Constable_2020_CE_Exp1_Clean.csv_6,768.8201783015872,705.1088606544503,63.71131764713698
Constable_2020_CE_Exp1_Clean.csv_7,799.6031626421053,798.9118010680628,0.691361574042503
Constable_2020_CE_Exp1_Clean.csv_8,933.2453245243244,863.8957067081082,69.34961781621621
Constable_2020_CE_Exp1_Clean.csv_9,796.2344835714285,804.8242936032609,-8.589810031832371
Constable_2020_CE_Exp2_Clean.csv_1,1070.2417658297873,1003.0054011770833,67.23636465270397
Constable_2020_CE_Exp2_Clean.csv_10,940.37641009375,960.6517574791667,-20.275347385416694
Constable_2020_CE_Exp2_Clean.csv_11,697.7110775473684,701.7923122708333,-4.081234723464945
Constable_2020_CE_Exp2_Clean.csv_12,627.6574178020834,609.0900748645834,18.56734293750003
Constable_2020_CE_Exp2_Clean.csv_13,894.237539,854.2415995729167,39.99593942708327
Constable_2020_CE_Exp2_Clean.csv_14,761.0018556263736,703.5274536222222,57.47440200415144
Constable_2020_CE_Exp2_Clean.csv_15,1005.8236573263158,925.1343883645833,80.68926896173252
Constable_2020_CE_Exp2_Clean.csv_16,837.5148220833333,852.2716853541667,-14.756863270833378
Constable_2020_CE_Exp2_Clean.csv_17,1089.6363929892473,1074.9076854623656,14.728707526881635
Constable_2020_CE_Exp2_Clean.csv_18,903.1840229473684,859.9435653829787,43.24045756438966
Constable_2020_CE_Exp2_Clean.csv_19,1035.626332231579,1009.2857315052631,26.34060072631587
Constable_2020_CE_Exp2_Clean.csv_2,936.5468107473685,898.0015337291667,38.54527701820177
Constable_2020_CE_Exp2_Clean.csv_20,937.0987423617021,918.2870266458333,18.811715715868786
Constable_2020_CE_Exp2_Clean.csv_21,910.6774998333333,934.094756074468,-23.417256241134737
Constable_2020_CE_Exp2_Clean.csv_22,1107.2568543804348,1055.3871489222222,51.86970545821259
Constable_2020_CE_Exp2_Clean.csv_23,915.9657994479167,851.0639699166667,64.90182953124997
Constable_2020_CE_Exp2_Clean.csv_24,819.934685875,775.7413856145834,44.19330026041666
Constable_2020_CE_Exp2_Clean.csv_25,1038.5992298842104,1087.4201575416666,-48.820927657456195
Constable_2020_CE_Exp2_Clean.csv_26,1020.567982483146,1118.8601058666666,-98.29212338352056
Constable_2020_CE_Exp2_Clean.csv_27,916.716973,902.5280646736842,14.188908326315868
Constable_2020_CE_Exp2_Clean.csv_28,903.5380194893617,879.1622368020834,24.375782687278274
Constable_2020_CE_Exp2_Clean.csv_29,914.8150148617021,928.56503015625,-13.750015294547893
Constable_2020_CE_Exp2_Clean.csv_3,1072.35652925,1029.8348459775282,42.52168327247182
Constable_2020_CE_Exp2_Clean.csv_30,931.1361439213483,1012.484336678161,-81.34819275681264
Constable_2020_CE_Exp2_Clean.csv_31,1051.747067032967,1003.5962145638298,48.150852469137135
Constable_2020_CE_Exp2_Clean.csv_32,1094.3177783804347,1025.5620228854166,68.7557554950181
Constable_2020_CE_Exp2_Clean.csv_33,1033.753204606383,1023.0794803404256,10.67372426595739
Constable_2020_CE_Exp2_Clean.csv_35,1028.0694258829787,992.7771245208334,35.292301362145395
Constable_2020_CE_Exp2_Clean.csv_36,989.0886961473684,899.1487243333333,89.93997181403506
Constable_2020_CE_Exp2_Clean.csv_37,1079.7270274421053,1089.1288675869564,-9.401840144851121
Constable_2020_CE_Exp2_Clean.csv_38,867.7452901145833,873.6551555520833,-5.909865437500002
Constable_2020_CE_Exp2_Clean.csv_39,878.0617752736842,880.5308272736842,-2.4690519999999196
Constable_2020_CE_Exp2_Clean.csv_4,1298.1137925949367,1186.0901089651163,112.02368362982043
Constable_2020_CE_Exp2_Clean.csv_40,957.6913040416666,937.54565875,20.145645291666597
Constable_2020_CE_Exp2_Clean.csv_41,948.013323452381,884.6284185,63.38490495238102
Constable_2020_CE_Exp2_Clean.csv_42,921.55418065625,918.09471803125,3.4594626250000147
Constable_2020_CE_Exp2_Clean.csv_43,927.7023333297873,875.6386152421053,52.06371808768199
Constable_2020_CE_Exp2_Clean.csv_44,807.107387625,771.2570692631579,35.85031836184214
Constable_2020_CE_Exp2_Clean.csv_45,882.0220068020833,781.8055958924731,100.2164109096102
Constable_2020_CE_Exp2_Clean.csv_46,826.7806838020833,774.0053765208334,52.77530728124998
Constable_2020_CE_Exp2_Clean.csv_47,1028.9081151538462,1001.1929786041667,27.715136549679528
Constable_2020_CE_Exp2_Clean.csv_48,1015.271837097826,904.2442283854167,111.02760871240935
Constable_2020_CE_Exp2_Clean.csv_49,869.4414723125,839.7758390520834,29.665633260416598
Constable_2020_CE_Exp2_Clean.csv_5,803.1030909255319,828.7306227553191,-25.627531829787245
Constable_2020_CE_Exp2_Clean.csv_50,765.1724922659574,714.7466273406593,50.42586492529813
Constable_2020_CE_Exp2_Clean.csv_51,849.1188177291667,767.3709549375,81.74786279166676
Constable_2020_CE_Exp2_Clean.csv_52,1054.521497375,923.6910985263158,130.83039884868424
Constable_2020_CE_Exp2_Clean.csv_53,711.088280247191,756.2163705172413,-45.12809027005028
Constable_2020_CE_Exp2_Clean.csv_54,1168.4848468791208,1116.846015425532,51.638831453588864
Constable_2020_CE_Exp2_Clean.csv_55,944.4008691086957,975.60316,-31.2022908913043
Constable_2020_CE_Exp2_Clean.csv_56,863.37924715625,800.3704119157894,63.0088352404606
Constable_2020_CE_Exp2_Clean.csv_6,911.1451103854166,887.8839863125,23.261124072916573
Constable_2020_CE_Exp2_Clean.csv_7,862.1291200416666,822.4565818541666,39.67253818749998
Constable_2020_CE_Exp2_Clean.csv_8,803.3243441875,740.9662855,62.35805868749992
Constable_2020_CE_Exp2_Clean.csv_9,799.9125091979166,775.0514311979167,24.861077999999907
Dalmaso_2024_CC_Exp1_Clean.csv_1,735.888250770115,695.7821630644445,40.10608770567046
Dalmaso_2024_CC_Exp1_Clean.csv_10,820.9742633518072,814.534484479518,6.439778872289139
Dalmaso_2024_CC_Exp1_Clean.csv_11,749.011137525926,751.0409764807229,-2.029838954796901
Dalmaso_2024_CC_Exp1_Clean.csv_12,798.6519031797753,782.8978164785715,15.754086701203846
Dalmaso_2024_CC_Exp1_Clean.csv_13,617.4665330545455,556.6204660533333,60.84606700121219
Dalmaso_2024_CC_Exp1_Clean.csv_15,714.5554793269663,702.5375395255555,12.017939801410762
Dalmaso_2024_CC_Exp1_Clean.csv_16,539.1001975535211,559.456425752,-20.356228198478902
Dalmaso_2024_CC_Exp1_Clean.csv_17,675.941641083908,636.8700915539326,39.071549529975414
Dalmaso_2024_CC_Exp1_Clean.csv_18,827.43374063625,786.3553116012048,41.07842903504525
Dalmaso_2024_CC_Exp1_Clean.csv_19,434.5170620513158,449.3650117474359,-14.84794969612011
Dalmaso_2024_CC_Exp1_Clean.csv_2,569.0385602588889,613.6414225755556,-44.60286231666669
Dalmaso_2024_CC_Exp1_Clean.csv_20,495.67959675925925,493.301013404,2.378583355259252
Dalmaso_2024_CC_Exp1_Clean.csv_21,723.1550825694118,733.2147680454545,-10.059685476042773
Dalmaso_2024_CC_Exp1_Clean.csv_22,591.3355559323529,637.9095067432836,-46.57395081093068
Dalmaso_2024_CC_Exp1_Clean.csv_23,654.7422708888889,654.4758758022223,0.26639508666664824
Dalmaso_2024_CC_Exp1_Clean.csv_24,577.1511803857143,564.8274869559524,12.323693429761875
Dalmaso_2024_CC_Exp1_Clean.csv_25,505.32604100119045,504.40770974197534,0.9183312592151083
Dalmaso_2024_CC_Exp1_Clean.csv_26,712.3825211392857,732.0919226139534,-19.709401474667743
Dalmaso_2024_CC_Exp1_Clean.csv_27,717.5533614122222,638.2601547611112,79.29320665111106
Dalmaso_2024_CC_Exp1_Clean.csv_28,677.5012667988889,655.5615019933333,21.93976480555557
Dalmaso_2024_CC_Exp1_Clean.csv_29,794.1698615213484,794.00613738,0.16372414134832525
Dalmaso_2024_CC_Exp1_Clean.csv_3,556.2286837552239,506.90772631639345,49.32095743883042
Dalmaso_2024_CC_Exp1_Clean.csv_30,628.8301082806818,603.6369816711111,25.19312660957064
Dalmaso_2024_CC_Exp1_Clean.csv_31,693.3408308921348,675.6075759606741,17.733254931460692
Dalmaso_2024_CC_Exp1_Clean.csv_32,806.252746572093,701.1821092627907,105.07063730930224
Dalmaso_2024_CC_Exp1_Clean.csv_33,570.7352800366666,523.7372619677777,46.99801806888888
Dalmaso_2024_CC_Exp1_Clean.csv_34,761.6480196988764,744.8185704655556,16.829449233320815
Dalmaso_2024_CC_Exp1_Clean.csv_35,818.8613204658824,766.0330818910112,52.82823857487119
Dalmaso_2024_CC_Exp1_Clean.csv_36,806.5795464333333,824.3937207662162,-17.814174332882885
Dalmaso_2024_CC_Exp1_Clean.csv_37,704.0709194101123,676.9036704516853,27.167248958426967
Dalmaso_2024_CC_Exp1_Clean.csv_38,572.1459827409639,556.9450933034483,15.20088943751557
Dalmaso_2024_CC_Exp1_Clean.csv_39,850.2974422517242,812.5613448476744,37.736097404049815
Dalmaso_2024_CC_Exp1_Clean.csv_4,642.4202315311111,594.7325446311111,47.68768690000002
Dalmaso_2024_CC_Exp1_Clean.csv_40,682.3709691588889,716.3317614808989,-33.96079232200998
Dalmaso_2024_CC_Exp1_Clean.csv_5,617.5138303033333,607.9147093544444,9.599120948888867
Dalmaso_2024_CC_Exp1_Clean.csv_6,731.8754800517241,715.9957968595505,15.879683192173616
Dalmaso_2024_CC_Exp1_Clean.csv_7,702.2818478954546,716.9897748860465,-14.707926990591886
Dalmaso_2024_CC_Exp1_Clean.csv_8,683.6841112633333,661.0828857685393,22.601225494793994
Dalmaso_2024_CC_Exp1_Clean.csv_9,830.6668406054054,747.2801263831169,83.38671422228845
Feldborg_2021_ERPH_Exp1_Clean.csv_104927757,704.8205128205128,723.421052631579,-18.60053981106614
Feldborg_2021_ERPH_Exp1_Clean.csv_18083,823.3375,814.7625,8.574999999999932
Feldborg_2021_ERPH_Exp1_Clean.csv_18091,789.5625,719.4875,70.07500000000005
Feldborg_2021_ERPH_Exp1_Clean.csv_18101,770.9864864864865,769.6266666666667,1.3598198198197906
Feldborg_2021_ERPH_Exp1_Clean.csv_18117,818.5,797.7625,20.737499999999955
Feldborg_2021_ERPH_Exp1_Clean.csv_18135,952.4430379746835,915.4556962025316,36.98734177215192
Feldborg_2021_ERPH_Exp1_Clean.csv_18139,790.0625,736.875,53.1875
Feldborg_2021_ERPH_Exp1_Clean.csv_18147,728.975,814.775,-85.79999999999995
Feldborg_2021_ERPH_Exp1_Clean.csv_18173,804.075,737.375,66.70000000000005
Feldborg_2021_ERPH_Exp1_Clean.csv_18213,876.4,887.3875,-10.987500000000068
Feldborg_2021_ERPH_Exp1_Clean.csv_18217,837.5,888.45,-50.950000000000045
Feldborg_2021_ERPH_Exp1_Clean.csv_18219,683.9375,682.5125,1.4249999999999545
Feldborg_2021_ERPH_Exp1_Clean.csv_18253,733.4625,688.775,44.6875
Feldborg_2021_ERPH_Exp1_Clean.csv_18259,801.125,818.0253164556962,-16.900316455696156
Feldborg_2021_ERPH_Exp1_Clean.csv_18287,862.7375,923.0375,-60.30000000000007
Feldborg_2021_ERPH_Exp1_Clean.csv_18297,827.675,838.038961038961,-10.363961038961065
Feldborg_2021_ERPH_Exp1_Clean.csv_18339,722.7375,769,-46.262500000000045
Feldborg_2021_ERPH_Exp1_Clean.csv_18351,812.85,843.6075949367089,-30.75759493670887
Feldborg_2021_ERPH_Exp1_Clean.csv_18405,644.6375,637.5625,7.0750000000000455
Feldborg_2021_ERPH_Exp1_Clean.csv_18409,846.9571428571429,851.9577464788732,-5.000603621730306
Feldborg_2021_ERPH_Exp1_Clean.csv_18413,709.525,731.25,-21.725000000000023
Feldborg_2021_ERPH_Exp1_Clean.csv_18417,650.5625,635.725,14.837499999999977
Feldborg_2021_ERPH_Exp1_Clean.csv_18427,730.1917808219179,767.1333333333333,-36.941552511415466
Feldborg_2021_ERPH_Exp1_Clean.csv_18435,675.3,701.95,-26.65000000000009
Feldborg_2021_ERPH_Exp1_Clean.csv_18455,632.875,638.0632911392405,-5.188291139240505
Feldborg_2021_ERPH_Exp1_Clean.csv_18457,842.9375,828.475,14.462499999999977
Feldborg_2021_ERPH_Exp1_Clean.csv_18477,925.2625,857.8125,67.45000000000005
Feldborg_2021_ERPH_Exp1_Clean.csv_18483,856.8125,865.375,-8.5625
Feldborg_2021_ERPH_Exp1_Clean.csv_18499,601.3375,587.75,13.587499999999977
Feldborg_2021_ERPH_Exp1_Clean.csv_18507,766.825,828.5822784810126,-61.75727848101258
Feldborg_2021_ERPH_Exp1_Clean.csv_18551,855.325,883.525,-28.199999999999932
Feldborg_2021_ERPH_Exp1_Clean.csv_18553,919.4375,927.1375,-7.7000000000000455
Feldborg_2021_ERPH_Exp1_Clean.csv_18565,762.6875,722.6375,40.049999999999955
Feldborg_2021_ERPH_Exp1_Clean.csv_18585,765.4078947368421,750,15.407894736842081
Feldborg_2021_ERPH_Exp1_Clean.csv_18623,769.6,737.7375,31.862500000000068
Feldborg_2021_ERPH_Exp1_Clean.csv_18635,705.625,758.85,-53.22500000000002
Feldborg_2021_ERPH_Exp1_Clean.csv_18647,470.7962962962963,453.38,17.41629629629631
Feldborg_2021_ERPH_Exp1_Clean.csv_18649,922.2375,913.375,8.862499999999955
Feldborg_2021_ERPH_Exp1_Clean.csv_18673,776.5555555555555,771.6388888888889,4.916666666666629
Feldborg_2021_ERPH_Exp1_Clean.csv_18679,832.7625,864.3125,-31.549999999999955
Feldborg_2021_ERPH_Exp1_Clean.csv_18747,806.5375,743.25,63.28750000000002
Feldborg_2021_ERPH_Exp1_Clean.csv_387884391,609.5569620253165,663.6,-54.04303797468356
Feldborg_2021_ERPH_Exp1_Clean.csv_572691879,923.0125,851.8375,71.17500000000007
Feldborg_2021_ERPH_Exp1_Clean.csv_589531619,633.85,575.7125,58.137500000000045
Hu_2023_Exp1_Clean.csv_6201,731.8173076923077,723.0744186046512,8.742889087656522
Hu_2023_Exp1_Clean.csv_6202,572.3811320754717,587.2533081285444,-14.872176053072735
Hu_2023_Exp1_Clean.csv_6203,598.8705357142857,611.8108108108108,-12.94027509652517
Hu_2023_Exp1_Clean.csv_6204,604.8346007604563,547.7093690248566,57.12523173559964
Hu_2023_Exp1_Clean.csv_6206,589.8394584139265,603.915547024952,-14.076088611025511
Hu_2023_Exp1_Clean.csv_6207,508.7910447761194,502.24074074074076,6.550304035378645
Hu_2023_Exp1_Clean.csv_6208,475.9292364990689,461.66790352504637,14.261332974022537
Hu_2023_Exp1_Clean.csv_6210,508.9330855018587,474.04638218923935,34.886703312619375
Hu_2023_Exp1_Clean.csv_6211,585.9612403100775,596.5078125,-10.546572189922472
Hu_2023_Exp1_Clean.csv_6212,595.6865671641791,619.0730337078652,-23.386466543686083
Hu_2023_Exp1_Clean.csv_6213,503.2313432835821,496.55263157894734,6.678711704634736
Hu_2023_Exp1_Clean.csv_6214,462.00925925925924,437.964552238806,24.044707020453245
Hu_2023_Exp1_Clean.csv_6215,628.8496240601504,617.0962962962963,11.753327763854145
Hu_2023_Exp1_Clean.csv_6216,319.37873134328356,307.9732142857143,11.405517057569284
Hu_2023_Exp1_Clean.csv_6217,581.993399339934,582.5427631578947,-0.5493638179607387
Hu_2023_Exp1_Clean.csv_6218,445.3921933085502,476.75555555555553,-31.36336224700534
Hu_2023_Exp1_Clean.csv_6219,563.1482889733841,574.7574626865671,-11.609173713183054
Hu_2023_Exp1_Clean.csv_6220,586.7694753577107,564.8610223642172,21.908452993493484
Hu_2023_Exp1_Clean.csv_6221,538.8102893890675,545.0162866449512,-6.205997255883631
Hu_2023_Exp1_Clean.csv_6222,397.4648148148148,410.8314814814815,-13.366666666666674
Martinez-Perez_2024_CC_Exp2_Clean.csv_23061227,409.425,423.0769230769231,-13.651923076923083
Martinez-Perez_2024_CC_Exp2_Clean.csv_23334772,520.4871794871794,585.9230769230769,-65.43589743589746
Martinez-Perez_2024_CC_Exp2_Clean.csv_23835869,595.921052631579,607.3,-11.378947368420995
Martinez-Perez_2024_CC_Exp2_Clean.csv_24408280,513.025641025641,512.3076923076923,0.7179487179487296
Martinez-Perez_2024_CC_Exp2_Clean.csv_24418398,509.65,488.7692307692308,20.880769230769204
Martinez-Perez_2024_CC_Exp2_Clean.csv_24418581,578.075,581.45,-3.375
Martinez-Perez_2024_CC_Exp2_Clean.csv_26619665,692.421052631579,661.7368421052631,30.684210526315837
Martinez-Perez_2024_CC_Exp2_Clean.csv_2832782,636.35,659.6842105263158,-23.334210526315815
Martinez-Perez_2024_CC_Exp2_Clean.csv_48129636,574.875,588.025,-13.149999999999977
Martinez-Perez_2024_CC_Exp2_Clean.csv_48156899,701.35,648.475,52.875
Martinez-Perez_2024_CC_Exp2_Clean.csv_48261328,469.525,518.75,-49.22500000000002
Martinez-Perez_2024_CC_Exp2_Clean.csv_48699889,682.3947368421053,586.8421052631579,95.5526315789474
Martinez-Perez_2024_CC_Exp2_Clean.csv_48702114,719.974358974359,704.8461538461538,15.128205128205195
Martinez-Perez_2024_CC_Exp2_Clean.csv_48742438,556.7368421052631,604.3783783783783,-47.64153627311521
Martinez-Perez_2024_CC_Exp2_Clean.csv_48743215,699.625,630.4358974358975,69.18910256410254
Martinez-Perez_2024_CC_Exp2_Clean.csv_48744831,558.1578947368421,526,32.15789473684208
Martinez-Perez_2024_CC_Exp2_Clean.csv_48755705,738.9230769230769,725.1666666666666,13.756410256410277
Martinez-Perez_2024_CC_Exp2_Clean.csv_48791497,589.575,633.4358974358975,-43.860897435897414
Martinez-Perez_2024_CC_Exp2_Clean.csv_48840021,721.0526315789474,692.025,29.02763157894742
Martinez-Perez_2024_CC_Exp2_Clean.csv_48845508,594.9230769230769,582.275,12.648076923076928
Martinez-Perez_2024_CC_Exp2_Clean.csv_48848108,655.825,625.15,30.675000000000068
Martinez-Perez_2024_CC_Exp2_Clean.csv_49183336,661.3684210526316,596.974358974359,64.39406207827255
Martinez-Perez_2024_CC_Exp2_Clean.csv_49196800,695.9459459459459,706.2631578947369,-10.317211948790941
Martinez-Perez_2024_CC_Exp2_Clean.csv_49198247,584.8,544.625,40.174999999999955
Martinez-Perez_2024_CC_Exp2_Clean.csv_49273693,506.425,497.625,8.800000000000011
Martinez-Perez_2024_CC_Exp2_Clean.csv_49276164,558.625,595.974358974359,-37.349358974359006
Martinez-Perez_2024_CC_Exp2_Clean.csv_49338547,623.6410256410256,595.1538461538462,28.487179487179446
Martinez-Perez_2024_CC_Exp2_Clean.csv_5390520,718.5833333333334,649.5135135135135,69.06981981981983
Martinez-Perez_2024_CC_Exp2_Clean.csv_54809786,618.8918918918919,604.578947368421,14.312944523470833
Martinez-Perez_2024_CC_Exp2_Clean.csv_55140937,622.8717948717949,639.9230769230769,-17.051282051281987
Martinez-Perez_2024_CC_Exp2_Clean.csv_6121887,679.974358974359,586.675,93.29935897435905
Martinez-Perez_2024_CC_Exp2_Clean.csv_9341983,675.2564102564103,645.4871794871794,29.76923076923083
Navon_2021_Exp1_Clean.csv_1,1184.95,1086.15,98.79999999999995
Navon_2021_Exp1_Clean.csv_10,1225.5166666666667,1098.4,127.11666666666656
Navon_2021_Exp1_Clean.csv_11,1305.45,1703.85,-398.39999999999986
Navon_2021_Exp1_Clean.csv_12,1273.1,1540.55,-267.45000000000005
Navon_2021_Exp1_Clean.csv_13,1496.1333333333334,1366.85,129.28333333333353
Navon_2021_Exp1_Clean.csv_14,1459,1200.0833333333333,258.91666666666674
Navon_2021_Exp1_Clean.csv_15,1453.45,1524.1333333333334,-70.6833333333334
Navon_2021_Exp1_Clean.csv_19,1371.5666666666666,1235.6666666666667,135.89999999999986
Navon_2021_Exp1_Clean.csv_20,1464.9333333333334,1369.1666666666667,95.76666666666665
Navon_2021_Exp1_Clean.csv_3,1406.7166666666667,1202.8166666666666,203.9000000000001
Navon_2021_Exp1_Clean.csv_4403,1144.35,1103.25,41.09999999999991
Navon_2021_Exp1_Clean.csv_8,1451.6166666666666,1402.05,49.566666666666606
Navon_2021_Exp1_Clean.csv_9,1976.3833333333334,1814.5,161.88333333333344
Navon_2021_Exp3_Clean.csv_20319,1632.6666666666667,2186.2,-553.5333333333331
Navon_2021_Exp3_Clean.csv_21001,820.8333333333334,878.0166666666667,-57.18333333333328
Navon_2021_Exp3_Clean.csv_21002,897.05,970.2333333333333,-73.1833333333334
Navon_2021_Exp3_Clean.csv_21006,839.0833333333334,903.75,-64.66666666666663
Navon_2021_Exp3_Clean.csv_21011,1439.05,1464.75,-25.700000000000045
Navon_2021_Exp3_Clean.csv_21017,1041.5666666666666,992.3833333333333,49.18333333333328
Navon_2021_Exp3_Clean.csv_21018,1229.5166666666667,1320.9666666666667,-91.45000000000005
Navon_2021_Exp3_Clean.csv_21021,785.5333333333333,841.9166666666666,-56.383333333333326
Navon_2021_Exp3_Clean.csv_22003,950.95,1021.0166666666667,-70.0666666666666
Navon_2021_Exp3_Clean.csv_22005,1601.1333333333334,1466.15,134.98333333333335
Navon_2021_Exp3_Clean.csv_22009,1234.0666666666666,1407.7833333333333,-173.7166666666667
Navon_2021_Exp3_Clean.csv_22012,1460.5666666666666,1360.85,99.7166666666667
Navon_2021_Exp3_Clean.csv_22014,866.6333333333333,899.6166666666667,-32.98333333333335
Navon_2021_Exp3_Clean.csv_230015,926.7833333333333,924.55,2.2333333333333485
Navon_2021_Exp3_Clean.csv_23003,936.3166666666667,1008.3166666666667,-72
Navon_2021_Exp3_Clean.csv_23016,1449.0333333333333,1484.1,-35.066666666666606
Navon_2021_Exp3_Clean.csv_23018,890.5333333333333,844.5,46.0333333333333
Navon_2021_Exp3_Clean.csv_23020,1236.3333333333333,1204.2833333333333,32.049999999999955
Navon_2021_Exp3_Clean.csv_9605,1494.7166666666667,1562.2,-67.48333333333335
Navon_2021_Exp3_Clean.csv_9612,1075.15,924.6833333333333,150.4666666666668
Navon_2021_Exp3_Clean.csv_9702,798.3833333333333,814.3166666666667,-15.933333333333394
Navon_2021_Exp3_Clean.csv_9703,1148.7,1310.15,-161.45000000000005
Navon_2021_Exp3_Clean.csv_9704,1146.6833333333334,1133.3333333333333,13.350000000000136
Navon_2021_Exp3_Clean.csv_9715,695.3166666666667,688.9166666666666,6.400000000000091
Navon_2021_Exp3_Clean.csv_9909,1078.5,940.2333333333333,138.26666666666665
Navon_2021_Exp3_Clean.csv_9911,829.6,817.4666666666667,12.133333333333326
Navon_2021_Exp3_Clean.csv_9916,1408.9833333333333,1392.8,16.183333333333394
Navon_2021_Exp3_Clean.csv_9918,1080.3,1104.0833333333333,-23.783333333333303
Navon_2021_Exp4_Clean.csv_2816,952.6833333333333,972.2166666666667,-19.533333333333417
Navon_2021_Exp4_Clean.csv_6403,1307.8333333333333,1205.1666666666667,102.66666666666652
Navon_2021_Exp4_Clean.csv_6407,759.75,768.9333333333333,-9.18333333333328
Navon_2021_Exp4_Clean.csv_6408,1396.0833333333333,1237.7333333333333,158.3499999999999
Navon_2021_Exp4_Clean.csv_6501,1116.4,1073.0166666666667,43.38333333333344
Navon_2021_Exp4_Clean.csv_6503,1105.6833333333334,1135.7,-30.01666666666665
Navon_2021_Exp4_Clean.csv_6505,1966.0333333333333,1907.9666666666667,58.066666666666606
Navon_2021_Exp4_Clean.csv_6602,1995.25,1758.2,237.04999999999995
Navon_2021_Exp4_Clean.csv_66022,1911.4,1517.7833333333333,393.6166666666668
Navon_2021_Exp4_Clean.csv_6606,2476.4666666666667,2287.1666666666665,189.30000000000018
Navon_2021_Exp4_Clean.csv_66062,914.05,870.0666666666667,43.983333333333235
Navon_2021_Exp4_Clean.csv_6608,901.8166666666667,866.4166666666666,35.40000000000009
Navon_2021_Exp4_Clean.csv_6613,1240.05,1208.5666666666666,31.48333333333335
Navon_2021_Exp4_Clean.csv_6616,1185.7333333333333,1103.4,82.33333333333326
Navon_2021_Exp4_Clean.csv_8208,1186.6271186440679,1051.7796610169491,134.84745762711873
Navon_2021_Exp4_Clean.csv_8211,999.5166666666667,842.2,157.3166666666666
Navon_2021_Exp4_Clean.csv_8220,1554.9666666666667,1346.7666666666667,208.20000000000005
Navon_2021_Exp4_Clean.csv_8402,1378.7,1362.8666666666666,15.833333333333485
Navon_2021_Exp4_Clean.csv_8408,1230.709090909091,1062.6724137931035,168.03667711598746
Navon_2021_Exp4_Clean.csv_8413,1071.1666666666667,1070.9,0.2666666666666515
Navon_2021_Exp4_Clean.csv_8502,1242.0166666666667,1186.0333333333333,55.98333333333335
Navon_2021_Exp4_Clean.csv_8507,1429.25,1239.7333333333333,189.51666666666665
Navon_2021_Exp4_Clean.csv_8514,1357.65,1132.5333333333333,225.1166666666668
Navon_2021_Exp4_Clean.csv_8602,1126.8333333333333,993.7333333333333,133.0999999999999
Navon_2021_Exp4_Clean.csv_8617,1778.95,1860.8333333333333,-81.88333333333321
Navon_2021_Exp4_Clean.csv_8801,1057.6666666666667,962.5666666666667,95.10000000000002
Navon_2021_Exp4_Clean.csv_8803,1110.15,1288.15,-178
Sui_2014_Exp1_Clean.csv_2801,702.2629310344828,797.2327586206897,-94.96982758620686
Sui_2014_Exp1_Clean.csv_2802,755.882096069869,802.2333333333333,-46.35123726346433
Sui_2014_Exp1_Clean.csv_2803,740.4212765957446,751.1779661016949,-10.756689505950249
Sui_2014_Exp1_Clean.csv_2804,793.4675324675325,847.9565217391304,-54.488989271597916
Sui_2014_Exp1_Clean.csv_2805,702.3881856540085,761.0336134453781,-58.645427791369684
Sui_2014_Exp1_Clean.csv_2806,623.7639484978541,697.2416666666667,-73.47771816881254
Sui_2014_Exp1_Clean.csv_2807,620.0543933054394,690.5470085470085,-70.49261524156918
Sui_2014_Exp1_Clean.csv_2808,693.6666666666666,741.7372881355932,-48.07062146892656
Sui_2014_Exp1_Clean.csv_2809,704.0550847457627,732.228813559322,-28.173728813559364
Sui_2014_Exp1_Clean.csv_2810,720.1186440677966,820.8214285714286,-100.70278450363196
Sui_2014_Exp1_Clean.csv_2811,668.68669527897,748.6637931034483,-79.97709782447828
Sui_2014_Exp1_Clean.csv_2812,729.9188034188035,764.8376068376068,-34.91880341880335
Sui_2014_Exp1_Clean.csv_2813,658.9830508474577,737.9830508474577,-79
Sui_2014_Exp1_Clean.csv_2814,856.6822033898305,858.9059829059829,-2.2237795161523763
Sui_2014_Exp1_Clean.csv_2815,633.9458333333333,705.7333333333333,-71.78750000000002
Sui_2014_Exp1_Clean.csv_2816,593.755364806867,679.2051282051282,-85.44976339826121
Sui_2014_Exp1_Clean.csv_2817,771.8201754385965,798.6260869565217,-26.80591151792521
Sui_2014_Exp1_Clean.csv_2818,711.5504201680673,785.771186440678,-74.22076627261072
Sui_2014_Exp1_Clean.csv_2819,700.6320346320347,781.1440677966102,-80.51203316457554
Sui_2014_Exp1_Clean.csv_2820,725.2978723404256,748.1176470588235,-22.81977471839798
Sui_2014_Exp1_Clean.csv_2821,751.0174672489082,806.4504504504505,-55.43298320154224
Sui_2014_Exp1_Clean.csv_2822,695,778.3739130434783,-83.3739130434783
Sui_2014_Exp1_Clean.csv_2823,686.7899159663865,741.3418803418804,-54.55196437549387
Sui_2014_Exp1_Clean.csv_2824,776.1333333333333,838.7962962962963,-62.66296296296298
Sui_2015_Exp1_Clean.csv_1,674.2,655.9875,18.21250000000009
Sui_2015_Exp1_Clean.csv_10,593.0875,549.05,44.03750000000002
Sui_2015_Exp1_Clean.csv_11,439.3421052631579,442.2236842105263,-2.881578947368382
Sui_2015_Exp1_Clean.csv_12,635.275,702.825,-67.55000000000007
Sui_2015_Exp1_Clean.csv_13,544.475,475.3125,69.16250000000002
Sui_2015_Exp1_Clean.csv_14,549.025,567.525,-18.5
Sui_2015_Exp1_Clean.csv_15,617.1125,648.45,-31.33750000000009
Sui_2015_Exp1_Clean.csv_16,448.126582278481,466.125,-17.99841772151899
Sui_2015_Exp1_Clean.csv_17,492.0125,497.05,-5.037500000000023
Sui_2015_Exp1_Clean.csv_18,412.6375,406.5125,6.125
Sui_2015_Exp1_Clean.csv_19,555.1375,590.025,-34.88749999999993
Sui_2015_Exp1_Clean.csv_2,664.4875,664.7375,-0.25
Sui_2015_Exp1_Clean.csv_20,581.025,583.55,-2.5249999999999773
Sui_2015_Exp1_Clean.csv_3,545.45,538.475,6.975000000000023
Sui_2015_Exp1_Clean.csv_4,546.85,575.0125,-28.162500000000023
Sui_2015_Exp1_Clean.csv_5,679.3037974683544,634.9875,44.31629746835449
Sui_2015_Exp1_Clean.csv_6,618.425,620.675,-2.25
Sui_2015_Exp1_Clean.csv_7,563.5375,627.1842105263158,-63.646710526315815
Sui_2015_Exp1_Clean.csv_8,664.65,624.4375,40.21249999999998
Sui_2015_Exp1_Clean.csv_9,601.8875,636.7375,-34.84999999999991
Zhang_2023_NI_Exp1_Clean.csv_100,891.7647058823529,861.875,29.889705882352928
Zhang_2023_NI_Exp1_Clean.csv_102,787.8823529411765,839.0588235294117,-51.17647058823525
Zhang_2023_NI_Exp1_Clean.csv_103,605.8125,656.375,-50.5625
Zhang_2023_NI_Exp1_Clean.csv_104,768.1764705882352,758.6666666666666,9.509803921568619
Zhang_2023_NI_Exp1_Clean.csv_105,865.2307692307693,870.8571428571429,-5.626373626373606
Zhang_2023_NI_Exp1_Clean.csv_106,678.0666666666667,658.4666666666667,19.600000000000023
Zhang_2023_NI_Exp1_Clean.csv_107,791.2,820.8125,-29.612499999999955
Zhang_2023_NI_Exp1_Clean.csv_108,721,702.0769230769231,18.923076923076906
Zhang_2023_NI_Exp1_Clean.csv_109,660.0833333333334,805.6153846153846,-145.53205128205127
Zhang_2023_NI_Exp1_Clean.csv_110,770.2666666666667,811.6,-41.33333333333337
Zhang_2023_NI_Exp1_Clean.csv_111,418.72727272727275,394.9166666666667,23.810606060606062
Zhang_2023_NI_Exp1_Clean.csv_112,795.0434782608696,713.2857142857143,81.75776397515529
Zhang_2023_NI_Exp1_Clean.csv_113,764.1764705882352,770.2105263157895,-6.034055727554232
Zhang_2023_NI_Exp1_Clean.csv_114,798.8461538461538,798,0.8461538461538112
Zhang_2023_NI_Exp1_Clean.csv_115,609.2727272727273,652.6363636363636,-43.363636363636374
Zhang_2023_NI_Exp1_Clean.csv_116,669.2777777777778,644.4117647058823,24.86601307189551
Zhang_2023_NI_Exp1_Clean.csv_117,818.0526315789474,803.0526315789474,15
Zhang_2023_NI_Exp1_Clean.csv_118,732.8421052631579,721.1666666666666,11.67543859649129
Zhang_2023_NI_Exp1_Clean.csv_119,751.9333333333333,784.2666666666667,-32.33333333333337
Zhang_2023_NI_Exp1_Clean.csv_120,806.7857142857143,836.7142857142857,-29.92857142857133
Zhang_2023_NI_Exp1_Clean.csv_121,642.625,671.7741935483871,-29.149193548387075
Zhang_2023_NI_Exp1_Clean.csv_122,766.0588235294117,770.7777777777778,-4.718954248366117
Zhang_2023_NI_Exp1_Clean.csv_123,657.3846153846154,619.3076923076923,38.076923076923094
Zhang_2023_NI_Exp1_Clean.csv_125,718.5,768.4375,-49.9375
Zhang_2023_NI_Exp1_Clean.csv_126,849.125,834.8125,14.3125
Zhang_2023_NI_Exp1_Clean.csv_127,758.3684210526316,786.2941176470588,-27.925696594427222
Zhang_2023_NI_Exp1_Clean.csv_128,771.1538461538462,858.1333333333333,-86.97948717948714
Zhang_2023_NI_Exp1_Clean.csv_129,761.3076923076923,693.3076923076923,68
Zhang_2023_NI_Exp1_Clean.csv_130,875.4117647058823,856.2222222222222,19.189542483660148
Zhang_2023_NI_Exp1_Clean.csv_131,802.6666666666666,709.75,92.91666666666663
Zhang_2023_NI_Exp1_Clean.csv_132,879.8571428571429,907.2,-27.342857142857156
Zhang_2023_NI_Exp1_Clean.csv_133,545.1111111111111,593.5238095238095,-48.41269841269843
Zhang_2023_NI_Exp1_Clean.csv_134,706.4666666666667,757.6428571428571,-51.17619047619041
Zhang_2023_NI_Exp1_Clean.csv_135,680.375,686.92,-6.544999999999959
Zhang_2023_NI_Exp1_Clean.csv_136,500,493.25,6.75
Zhang_2023_NI_Exp1_Clean.csv_137,712.9444444444445,648.9333333333333,64.01111111111118
Zhang_2023_NI_Exp1_Clean.csv_138,813.3125,747.4705882352941,65.84191176470586
Zhang_2023_NI_Exp1_Clean.csv_139,798.1666666666666,751.3636363636364,46.803030303030255
Zhang_2023_NI_Exp1_Clean.csv_14,861.75,755.5454545454545,106.2045454545455
Zhang_2023_NI_Exp1_Clean.csv_140,728.4761904761905,787.8260869565217,-59.34989648033127
Zhang_2023_NI_Exp1_Clean.csv_141,563.3529411764706,670.2941176470588,-106.94117647058818
Zhang_2023_NI_Exp1_Clean.csv_143,642.2857142857143,597.4666666666667,44.81904761904764
Zhang_2023_NI_Exp1_Clean.csv_144,641.2352941176471,660.6875,-19.452205882352928
Zhang_2023_NI_Exp1_Clean.csv_145,725,616,109
Zhang_2023_NI_Exp1_Clean.csv_146,614.5,525.75,88.75
Zhang_2023_NI_Exp1_Clean.csv_147,843.047619047619,833.4736842105264,9.57393483709268
Zhang_2023_NI_Exp1_Clean.csv_148,748.125,709.0588235294117,39.06617647058829
Zhang_2023_NI_Exp1_Clean.csv_149,609.3823529411765,640.6944444444445,-31.312091503267993
Zhang_2023_NI_Exp1_Clean.csv_15,712.75,766.9090909090909,-54.15909090909088
Zhang_2023_NI_Exp1_Clean.csv_150,725.7647058823529,721.7826086956521,3.9820971867007984
Zhang_2023_NI_Exp1_Clean.csv_151,825.3846153846154,659.9230769230769,165.46153846153845
Zhang_2023_NI_Exp1_Clean.csv_152,808.1428571428571,906.3846153846154,-98.24175824175825
Zhang_2023_NI_Exp1_Clean.csv_153,871.6666666666666,906.7777777777778,-35.1111111111112
Zhang_2023_NI_Exp1_Clean.csv_154,861.5,872.4545454545455,-10.954545454545496
Zhang_2023_NI_Exp1_Clean.csv_155,668.8571428571429,709.6428571428571,-40.78571428571422
Zhang_2023_NI_Exp1_Clean.csv_156,818.7142857142857,834,-15.285714285714334
Zhang_2023_NI_Exp1_Clean.csv_157,638,791.8333333333334,-153.83333333333337
Zhang_2023_NI_Exp1_Clean.csv_158,668.7857142857143,729.2,-60.41428571428571
Zhang_2023_NI_Exp1_Clean.csv_159,657.8461538461538,576.2307692307693,81.61538461538453
Zhang_2023_NI_Exp1_Clean.csv_16,752.2857142857143,734.3333333333334,17.952380952380963
Zhang_2023_NI_Exp1_Clean.csv_160,753.1875,738.7142857142857,14.473214285714334
Zhang_2023_NI_Exp1_Clean.csv_161,769.9230769230769,746.1428571428571,23.780219780219795
Zhang_2023_NI_Exp1_Clean.csv_162,869.7142857142857,785.0454545454545,84.66883116883116
Zhang_2023_NI_Exp1_Clean.csv_163,635.6666666666666,652.25,-16.58333333333337
Zhang_2023_NI_Exp1_Clean.csv_164,536.8636363636364,584.15,-47.2863636363636
Zhang_2023_NI_Exp1_Clean.csv_165,728.1538461538462,656.5384615384615,71.61538461538464
Zhang_2023_NI_Exp1_Clean.csv_166,587.0666666666667,762.4375,-175.37083333333328
Zhang_2023_NI_Exp1_Clean.csv_167,602.7692307692307,694.5384615384615,-91.76923076923083
Zhang_2023_NI_Exp1_Clean.csv_168,530.2307692307693,671.6923076923077,-141.46153846153845
Zhang_2023_NI_Exp1_Clean.csv_169,638.9166666666666,705.3333333333334,-66.41666666666674
Zhang_2023_NI_Exp1_Clean.csv_17,751.8333333333334,607.6153846153846,144.21794871794873
Zhang_2023_NI_Exp1_Clean.csv_170,643.6666666666666,628.36,15.306666666666615
Zhang_2023_NI_Exp1_Clean.csv_171,348.4375,366,-17.5625
Zhang_2023_NI_Exp1_Clean.csv_172,786.5333333333333,738,48.5333333333333
Zhang_2023_NI_Exp1_Clean.csv_173,632.0714285714286,680.7142857142857,-48.64285714285711
Zhang_2023_NI_Exp1_Clean.csv_174,743.1428571428571,796.8,-53.657142857142844
Zhang_2023_NI_Exp1_Clean.csv_175,786.2857142857143,846.25,-59.964285714285666
Zhang_2023_NI_Exp1_Clean.csv_176,729.1666666666666,737.8181818181819,-8.651515151515241
Zhang_2023_NI_Exp1_Clean.csv_177,756.5,837.9230769230769,-81.4230769230769
Zhang_2023_NI_Exp1_Clean.csv_179,874.5714285714286,862.5714285714286,12
Zhang_2023_NI_Exp1_Clean.csv_18,749.4,819.3636363636364,-69.9636363636364
Zhang_2023_NI_Exp1_Clean.csv_180,794.1428571428571,751.2,42.942857142857065
Zhang_2023_NI_Exp1_Clean.csv_181,773.3846153846154,875.5,-102.11538461538464
Zhang_2023_NI_Exp1_Clean.csv_182,803.55,803.0454545454545,0.5045454545454504
Zhang_2023_NI_Exp1_Clean.csv_183,535.5384615384615,627.3076923076923,-91.76923076923072
Zhang_2023_NI_Exp1_Clean.csv_184,796.4705882352941,799.4,-2.929411764705833
Zhang_2023_NI_Exp1_Clean.csv_185,687.6666666666666,710.8666666666667,-23.200000000000045
Zhang_2023_NI_Exp1_Clean.csv_186,737.1666666666666,699.5625,37.60416666666663
Zhang_2023_NI_Exp1_Clean.csv_187,708.0625,720.25,-12.1875
Zhang_2023_NI_Exp1_Clean.csv_188,790,785.9047619047619,4.095238095238074
Zhang_2023_NI_Exp1_Clean.csv_189,758.9166666666666,747.8461538461538,11.070512820512818
Zhang_2023_NI_Exp1_Clean.csv_19,717.8,773.6,-55.80000000000007
Zhang_2023_NI_Exp1_Clean.csv_190,705.0625,654.5625,50.5
Zhang_2023_NI_Exp1_Clean.csv_191,699.9166666666666,875.5454545454545,-175.62878787878788
Zhang_2023_NI_Exp1_Clean.csv_192,740.8571428571429,798.4285714285714,-57.571428571428555
Zhang_2023_NI_Exp1_Clean.csv_193,567.6666666666666,678.5,-110.83333333333337
Zhang_2023_NI_Exp1_Clean.csv_194,730.2666666666667,634.6,95.66666666666663
Zhang_2023_NI_Exp1_Clean.csv_195,602.4615384615385,659.6153846153846,-57.15384615384619
Zhang_2023_NI_Exp1_Clean.csv_196,752.7692307692307,769.1538461538462,-16.384615384615472
Zhang_2023_NI_Exp1_Clean.csv_197,631.4,614,17.399999999999977
Zhang_2023_NI_Exp1_Clean.csv_198,658.3571428571429,703.9333333333333,-45.57619047619039
Zhang_2023_NI_Exp1_Clean.csv_199,907,641.75,265.25
Zhang_2023_NI_Exp1_Clean.csv_20,656.2857142857143,713.6363636363636,-57.35064935064929
Zhang_2023_NI_Exp1_Clean.csv_200,656.325,688.953488372093,-32.62848837209299
Zhang_2023_NI_Exp1_Clean.csv_201,770.3333333333334,898.1,-127.76666666666665
Zhang_2023_NI_Exp1_Clean.csv_202,614,603.3076923076923,10.692307692307736
Zhang_2023_NI_Exp1_Clean.csv_203,710.6153846153846,656.3846153846154,54.23076923076928
Zhang_2023_NI_Exp1_Clean.csv_204,675.9285714285714,662.9230769230769,13.00549450549454
Zhang_2023_NI_Exp1_Clean.csv_205,695.1538461538462,616.0769230769231,79.0769230769231
Zhang_2023_NI_Exp1_Clean.csv_206,535.25,388.90909090909093,146.34090909090907
Zhang_2023_NI_Exp1_Clean.csv_207,614.4736842105264,570.2105263157895,44.26315789473688
Zhang_2023_NI_Exp1_Clean.csv_209,692.6153846153846,500.9230769230769,191.69230769230774
Zhang_2023_NI_Exp1_Clean.csv_21,813.3333333333334,728.375,84.95833333333337
Zhang_2023_NI_Exp1_Clean.csv_210,407.1,551.5555555555555,-144.45555555555552
Zhang_2023_NI_Exp1_Clean.csv_212,881.9411764705883,855.8235294117648,26.117647058823536
Zhang_2023_NI_Exp1_Clean.csv_213,689.875,625.8,64.07500000000005
Zhang_2023_NI_Exp1_Clean.csv_214,706.0714285714286,558.7142857142857,147.3571428571429
Zhang_2023_NI_Exp1_Clean.csv_215,700.5,676.9166666666666,23.58333333333337
Zhang_2023_NI_Exp1_Clean.csv_216,640.3076923076923,638.0769230769231,2.2307692307691696
Zhang_2023_NI_Exp1_Clean.csv_217,526.5384615384615,533,-6.461538461538453
Zhang_2023_NI_Exp1_Clean.csv_218,751.8461538461538,831.4,-79.55384615384617
Zhang_2023_NI_Exp1_Clean.csv_219,736.5384615384615,722.9230769230769,13.615384615384642
Zhang_2023_NI_Exp1_Clean.csv_22,737.5714285714286,792.0714285714286,-54.5
Zhang_2023_NI_Exp1_Clean.csv_220,682.2142857142857,746.6923076923077,-64.47802197802207
Zhang_2023_NI_Exp1_Clean.csv_221,807.9166666666666,803.5,4.416666666666629
Zhang_2023_NI_Exp1_Clean.csv_222,733,723.5,9.5
Zhang_2023_NI_Exp1_Clean.csv_224,933.7333333333333,844.4615384615385,89.2717948717949
Zhang_2023_NI_Exp1_Clean.csv_225,714.1538461538462,806.3076923076923,-92.15384615384608
Zhang_2023_NI_Exp1_Clean.csv_226,704.3846153846154,775.1666666666666,-70.78205128205127
Zhang_2023_NI_Exp1_Clean.csv_227,509.2,620.6666666666666,-111.46666666666664
Zhang_2023_NI_Exp1_Clean.csv_228,663.6923076923077,781.9333333333333,-118.24102564102554
Zhang_2023_NI_Exp1_Clean.csv_229,726.75,750.6923076923077,-23.942307692307736
Zhang_2023_NI_Exp1_Clean.csv_23,682.5,809.2666666666667,-126.76666666666665
Zhang_2023_NI_Exp1_Clean.csv_230,576.2142857142857,589,-12.785714285714334
Zhang_2023_NI_Exp1_Clean.csv_231,706,787.6428571428571,-81.64285714285711
Zhang_2023_NI_Exp1_Clean.csv_232,724.3571428571429,688.5,35.85714285714289
Zhang_2023_NI_Exp1_Clean.csv_233,699,569.3076923076923,129.69230769230774
Zhang_2023_NI_Exp1_Clean.csv_234,650.3636363636364,574.8461538461538,75.51748251748256
Zhang_2023_NI_Exp1_Clean.csv_235,709.6315789473684,676.2631578947369,33.36842105263156
Zhang_2023_NI_Exp1_Clean.csv_236,695.9230769230769,706.5384615384615,-10.615384615384642
Zhang_2023_NI_Exp1_Clean.csv_237,661.1818181818181,723.6923076923077,-62.510489510489606
Zhang_2023_NI_Exp1_Clean.csv_238,712.3846153846154,697.3076923076923,15.076923076923094
Zhang_2023_NI_Exp1_Clean.csv_239,673.1666666666666,634.1538461538462,39.01282051282044
Zhang_2023_NI_Exp1_Clean.csv_24,827.5625,789.1764705882352,38.38602941176475
Zhang_2023_NI_Exp1_Clean.csv_240,704.25,737.6923076923077,-33.442307692307736
Zhang_2023_NI_Exp1_Clean.csv_241,594.6666666666666,621.7142857142857,-27.047619047619037
Zhang_2023_NI_Exp1_Clean.csv_242,733.1666666666666,717,16.16666666666663
Zhang_2023_NI_Exp1_Clean.csv_243,805.2727272727273,707.6153846153846,97.65734265734261
Zhang_2023_NI_Exp1_Clean.csv_244,675.6923076923077,683.5384615384615,-7.846153846153811
Zhang_2023_NI_Exp1_Clean.csv_246,694.6923076923077,741.4285714285714,-46.73626373626371
Zhang_2023_NI_Exp1_Clean.csv_247,658.0769230769231,619.3076923076923,38.76923076923083
Zhang_2023_NI_Exp1_Clean.csv_248,838.0833333333334,816.6153846153846,21.46794871794873
Zhang_2023_NI_Exp1_Clean.csv_25,733.9230769230769,741.7692307692307,-7.846153846153811
Zhang_2023_NI_Exp1_Clean.csv_250,637.9285714285714,672.8571428571429,-34.928571428571445
Zhang_2023_NI_Exp1_Clean.csv_251,696.7692307692307,599.3076923076923,97.46153846153845
Zhang_2023_NI_Exp1_Clean.csv_252,718,705.2307692307693,12.769230769230717
Zhang_2023_NI_Exp1_Clean.csv_253,929.4615384615385,908.7272727272727,20.734265734265705
Zhang_2023_NI_Exp1_Clean.csv_254,726,603.5,122.5
Zhang_2023_NI_Exp1_Clean.csv_255,788.4615384615385,794.5,-6.038461538461547
Zhang_2023_NI_Exp1_Clean.csv_256,720,748,-28
Zhang_2023_NI_Exp1_Clean.csv_257,707.4166666666666,780.4285714285714,-73.01190476190482
Zhang_2023_NI_Exp1_Clean.csv_258,686,630.2307692307693,55.76923076923072
Zhang_2023_NI_Exp1_Clean.csv_259,582.6923076923077,572.3076923076923,10.384615384615472
Zhang_2023_NI_Exp1_Clean.csv_26,682.4545454545455,903.1111111111111,-220.6565656565656
Zhang_2023_NI_Exp1_Clean.csv_261,866.8181818181819,903.3333333333334,-36.5151515151515
Zhang_2023_NI_Exp1_Clean.csv_262,628.7333333333333,689,-60.26666666666665
Zhang_2023_NI_Exp1_Clean.csv_263,689.2727272727273,538.8,150.4727272727273
Zhang_2023_NI_Exp1_Clean.csv_264,736.7692307692307,655.2,81.56923076923067
Zhang_2023_NI_Exp1_Clean.csv_267,458.6363636363636,510.2307692307692,-51.5944055944056
Zhang_2023_NI_Exp1_Clean.csv_269,768.4,706,62.39999999999998
Zhang_2023_NI_Exp1_Clean.csv_27,750,727.2666666666667,22.73333333333335
Zhang_2023_NI_Exp1_Clean.csv_270,845.5714285714286,774.8461538461538,70.72527472527474
Zhang_2023_NI_Exp1_Clean.csv_271,613,614,-1
Zhang_2023_NI_Exp1_Clean.csv_275,737.7272727272727,728.6363636363636,9.090909090909122
Zhang_2023_NI_Exp1_Clean.csv_276,755.8461538461538,806.5,-50.65384615384619
Zhang_2023_NI_Exp1_Clean.csv_277,736.3571428571429,624.4285714285714,111.92857142857144
Zhang_2023_NI_Exp1_Clean.csv_278,544.7272727272727,518.6,26.127272727272725
Zhang_2023_NI_Exp1_Clean.csv_279,658.5384615384615,628.0769230769231,30.461538461538453
Zhang_2023_NI_Exp1_Clean.csv_28,748.1428571428571,719.3333333333334,28.80952380952374
Zhang_2023_NI_Exp1_Clean.csv_289,759.1538461538462,700.3333333333334,58.82051282051282
Zhang_2023_NI_Exp1_Clean.csv_29,756.2352941176471,749.6666666666666,6.568627450980443
Zhang_2023_NI_Exp1_Clean.csv_292,614.0769230769231,559.2222222222222,54.85470085470092
Zhang_2023_NI_Exp1_Clean.csv_293,796.0909090909091,691.9090909090909,104.18181818181824
Zhang_2023_NI_Exp1_Clean.csv_294,771.9230769230769,651.7692307692307,120.15384615384619
Zhang_2023_NI_Exp1_Clean.csv_295,268.6,373.6,-105
Zhang_2023_NI_Exp1_Clean.csv_296,711.0769230769231,735.2307692307693,-24.15384615384619
Zhang_2023_NI_Exp1_Clean.csv_297,609,724.4166666666666,-115.41666666666663
Zhang_2023_NI_Exp1_Clean.csv_299,668.6923076923077,777.0714285714286,-108.37912087912082
Zhang_2023_NI_Exp1_Clean.csv_30,665.0555555555555,733.8947368421053,-68.83918128654977
Zhang_2023_NI_Exp1_Clean.csv_302,727.9230769230769,715.2857142857143,12.637362637362571
Zhang_2023_NI_Exp1_Clean.csv_303,577,717.6315789473684,-140.63157894736844
Zhang_2023_NI_Exp1_Clean.csv_304,741.0666666666667,595.4666666666667,145.60000000000002
Zhang_2023_NI_Exp1_Clean.csv_305,605.9230769230769,730.1666666666666,-124.24358974358972
Zhang_2023_NI_Exp1_Clean.csv_307,508.84615384615387,532.5384615384615,-23.69230769230768
Zhang_2023_NI_Exp1_Clean.csv_31,779.9,713.5833333333334,66.3166666666666
Zhang_2023_NI_Exp1_Clean.csv_311,681.6428571428571,776.0769230769231,-94.43406593406598
Zhang_2023_NI_Exp1_Clean.csv_312,756.3333333333334,793.5833333333334,-37.25
Zhang_2023_NI_Exp1_Clean.csv_313,683.6923076923077,540.6923076923077,143
Zhang_2023_NI_Exp1_Clean.csv_315,650.1176470588235,584.9411764705883,65.17647058823525
Zhang_2023_NI_Exp1_Clean.csv_316,773.3076923076923,780.9166666666666,-7.608974358974365
Zhang_2023_NI_Exp1_Clean.csv_317,661.5384615384615,663.1538461538462,-1.6153846153846416
Zhang_2023_NI_Exp1_Clean.csv_318,560.75,548.3333333333334,12.416666666666629
Zhang_2023_NI_Exp1_Clean.csv_32,751.7,846.2857142857143,-94.58571428571429
Zhang_2023_NI_Exp1_Clean.csv_320,656.5,638.9166666666666,17.58333333333337
Zhang_2023_NI_Exp1_Clean.csv_321,834.3636363636364,766.2727272727273,68.09090909090912
Zhang_2023_NI_Exp1_Clean.csv_322,404.45454545454544,500.45454545454544,-96
Zhang_2023_NI_Exp1_Clean.csv_323,679.3571428571429,647.5,31.85714285714289
Zhang_2023_NI_Exp1_Clean.csv_324,707.5,704.7333333333333,2.7666666666666515
Zhang_2023_NI_Exp1_Clean.csv_325,757.6363636363636,632.8,124.83636363636367
Zhang_2023_NI_Exp1_Clean.csv_326,670.3076923076923,691.2307692307693,-20.92307692307702
Zhang_2023_NI_Exp1_Clean.csv_329,364.3,406.3636363636364,-42.06363636363636
Zhang_2023_NI_Exp1_Clean.csv_33,930.0833333333334,861.9166666666666,68.16666666666674
Zhang_2023_NI_Exp1_Clean.csv_330,671.9230769230769,738.6153846153846,-66.69230769230774
Zhang_2023_NI_Exp1_Clean.csv_331,697.6923076923077,788.0769230769231,-90.38461538461536
Zhang_2023_NI_Exp1_Clean.csv_334,838.3636363636364,773.9166666666666,64.44696969696975
Zhang_2023_NI_Exp1_Clean.csv_335,656.6153846153846,679.7142857142857,-23.098901098901024
Zhang_2023_NI_Exp1_Clean.csv_34,824.5384615384615,804.25,20.288461538461547
Zhang_2023_NI_Exp1_Clean.csv_341,691.5384615384615,713.3076923076923,-21.769230769230717
Zhang_2023_NI_Exp1_Clean.csv_343,724.6153846153846,776.7857142857143,-52.17032967032969
Zhang_2023_NI_Exp1_Clean.csv_345,568.1428571428571,507.57142857142856,60.571428571428555
Zhang_2023_NI_Exp1_Clean.csv_347,681.3846153846154,732.1666666666666,-50.78205128205127
Zhang_2023_NI_Exp1_Clean.csv_35,679.7142857142857,692.9285714285714,-13.21428571428578
Zhang_2023_NI_Exp1_Clean.csv_350,648,693.1538461538462,-45.15384615384619
Zhang_2023_NI_Exp1_Clean.csv_351,710.1538461538462,675.1538461538462,35
Zhang_2023_NI_Exp1_Clean.csv_354,576.2666666666667,454.8666666666667,121.39999999999998
Zhang_2023_NI_Exp1_Clean.csv_357,681.9230769230769,663.6153846153846,18.307692307692264
Zhang_2023_NI_Exp1_Clean.csv_358,753,679.9,73.10000000000002
Zhang_2023_NI_Exp1_Clean.csv_359,725.1333333333333,817.5333333333333,-92.39999999999998
Zhang_2023_NI_Exp1_Clean.csv_36,660.5,742.3846153846154,-81.88461538461536
Zhang_2023_NI_Exp1_Clean.csv_360,787.4615384615385,751.1666666666666,36.294871794871824
Zhang_2023_NI_Exp1_Clean.csv_361,533.7692307692307,549.5384615384615,-15.76923076923083
Zhang_2023_NI_Exp1_Clean.csv_362,774.8571428571429,803.0769230769231,-28.219780219780205
Zhang_2023_NI_Exp1_Clean.csv_363,620.6666666666666,703.3076923076923,-82.64102564102564
Zhang_2023_NI_Exp1_Clean.csv_364,493.73333333333335,511.73333333333335,-18
Zhang_2023_NI_Exp1_Clean.csv_365,555.8125,548.375,7.4375
Zhang_2023_NI_Exp1_Clean.csv_366,690.3333333333334,758.8571428571429,-68.52380952380952
Zhang_2023_NI_Exp1_Clean.csv_368,513.0909090909091,693.3846153846154,-180.29370629370624
Zhang_2023_NI_Exp1_Clean.csv_369,707.0714285714286,634.8571428571429,72.21428571428567
Zhang_2023_NI_Exp1_Clean.csv_37,705.25,713.6,-8.350000000000023
Zhang_2023_NI_Exp1_Clean.csv_370,548.75,516.8333333333334,31.91666666666663
Zhang_2023_NI_Exp1_Clean.csv_371,517.6923076923077,503.3636363636364,14.328671328671362
Zhang_2023_NI_Exp1_Clean.csv_372,695.0909090909091,835,-139.90909090909088
Zhang_2023_NI_Exp1_Clean.csv_373,656.5714285714286,618.5,38.071428571428555
Zhang_2023_NI_Exp1_Clean.csv_374,686,619.5384615384615,66.46153846153845
Zhang_2023_NI_Exp1_Clean.csv_375,689.8333333333334,680.0714285714286,9.761904761904816
Zhang_2023_NI_Exp1_Clean.csv_377,519.6153846153846,552.3846153846154,-32.76923076923072
Zhang_2023_NI_Exp1_Clean.csv_378,673.4615384615385,706.1666666666666,-32.705128205128176
Zhang_2023_NI_Exp1_Clean.csv_38,597.7142857142857,576.8,20.91428571428571
Zhang_2023_NI_Exp1_Clean.csv_380,437.45454545454544,466.54545454545456,-29.090909090909122
Zhang_2023_NI_Exp1_Clean.csv_382,750.5,785.5384615384615,-35.03846153846155
Zhang_2023_NI_Exp1_Clean.csv_383,678.3076923076923,635.6923076923077,42.61538461538453
Zhang_2023_NI_Exp1_Clean.csv_384,712.6153846153846,794.4615384615385,-81.84615384615381
Zhang_2023_NI_Exp1_Clean.csv_386,646.4615384615385,608.5454545454545,37.91608391608395
Zhang_2023_NI_Exp1_Clean.csv_387,861.3636363636364,785.3636363636364,76
Zhang_2023_NI_Exp1_Clean.csv_388,674.3076923076923,661.5,12.807692307692264
Zhang_2023_NI_Exp1_Clean.csv_39,882.5384615384615,881.7857142857143,0.7527472527472128
Zhang_2023_NI_Exp1_Clean.csv_391,723.6428571428571,665.5,58.14285714285711
Zhang_2023_NI_Exp1_Clean.csv_392,557.5625,462.0625,95.5
Zhang_2023_NI_Exp1_Clean.csv_397,695.3076923076923,569.5384615384615,125.76923076923072
Zhang_2023_NI_Exp1_Clean.csv_398,619.6923076923077,628.6153846153846,-8.923076923076906
Zhang_2023_NI_Exp1_Clean.csv_399,690.4615384615385,662.1538461538462,28.307692307692264
Zhang_2023_NI_Exp1_Clean.csv_40,584.1111111111111,638,-53.888888888888914
Zhang_2023_NI_Exp1_Clean.csv_400,660.5833333333334,628,32.58333333333337
Zhang_2023_NI_Exp1_Clean.csv_401,639.9166666666666,713.4166666666666,-73.5
Zhang_2023_NI_Exp1_Clean.csv_404,630.5833333333334,732.0833333333334,-101.5
Zhang_2023_NI_Exp1_Clean.csv_405,586.4615384615385,673.9285714285714,-87.46703296703299
Zhang_2023_NI_Exp1_Clean.csv_406,691.5,628,63.5
Zhang_2023_NI_Exp1_Clean.csv_407,779.3571428571429,844.6923076923077,-65.33516483516485
Zhang_2023_NI_Exp1_Clean.csv_41,776.8888888888889,799.125,-22.236111111111086
Zhang_2023_NI_Exp1_Clean.csv_410,716.5714285714286,704.6,11.971428571428532
Zhang_2023_NI_Exp1_Clean.csv_411,660.75,812.0833333333334,-151.33333333333337
Zhang_2023_NI_Exp1_Clean.csv_412,862.75,791.5833333333334,71.16666666666663
Zhang_2023_NI_Exp1_Clean.csv_414,774.6923076923077,921.5,-146.80769230769226
Zhang_2023_NI_Exp1_Clean.csv_415,625.6428571428571,619.5714285714286,6.071428571428555
Zhang_2023_NI_Exp1_Clean.csv_416,688.6923076923077,709.3636363636364,-20.671328671328638
Zhang_2023_NI_Exp1_Clean.csv_418,693.3333333333334,674.2307692307693,19.102564102564088
Zhang_2023_NI_Exp1_Clean.csv_419,577.1666666666666,668.6363636363636,-91.469696969697
Zhang_2023_NI_Exp1_Clean.csv_42,697,711.8,-14.799999999999955
Zhang_2023_NI_Exp1_Clean.csv_420,665.8,744.3333333333334,-78.53333333333342
Zhang_2023_NI_Exp1_Clean.csv_421,630.4666666666667,608.1428571428571,22.323809523809587
Zhang_2023_NI_Exp1_Clean.csv_422,557.5833333333334,514.8461538461538,42.73717948717956
Zhang_2023_NI_Exp1_Clean.csv_423,747.0769230769231,786.7692307692307,-39.69230769230762
Zhang_2023_NI_Exp1_Clean.csv_424,680.9285714285714,689.9333333333333,-9.004761904761835
Zhang_2023_NI_Exp1_Clean.csv_426,752,709.6923076923077,42.307692307692264
Zhang_2023_NI_Exp1_Clean.csv_427,580.5,821.3333333333334,-240.83333333333337
Zhang_2023_NI_Exp1_Clean.csv_428,613.1875,569.375,43.8125
Zhang_2023_NI_Exp1_Clean.csv_43,546.8461538461538,553.8461538461538,-7
Zhang_2023_NI_Exp1_Clean.csv_44,466.93333333333334,464.93333333333334,2
Zhang_2023_NI_Exp1_Clean.csv_45,716.3333333333334,719,-2.6666666666666288
Zhang_2023_NI_Exp1_Clean.csv_46,775.5,861.5,-86
Zhang_2023_NI_Exp1_Clean.csv_47,730.0833333333334,807.6666666666666,-77.58333333333326
Zhang_2023_NI_Exp1_Clean.csv_48,794.25,675.2142857142857,119.03571428571433
Zhang_2023_NI_Exp1_Clean.csv_49,793,800.8,-7.7999999999999545
Zhang_2023_NI_Exp1_Clean.csv_50,721.4117647058823,729.3125,-7.9007352941176805
Zhang_2023_NI_Exp1_Clean.csv_51,761.1428571428571,709.0625,52.08035714285711
Zhang_2023_NI_Exp1_Clean.csv_52,477.375,526.7826086956521,-49.40760869565213
Zhang_2023_NI_Exp1_Clean.csv_53,716,887.8333333333334,-171.83333333333337
Zhang_2023_NI_Exp1_Clean.csv_54,694.2727272727273,761,-66.72727272727275
Zhang_2023_NI_Exp1_Clean.csv_55,698.8461538461538,629.6153846153846,69.23076923076917
Zhang_2023_NI_Exp1_Clean.csv_56,663.3636363636364,631.9333333333333,31.430303030303094
Zhang_2023_NI_Exp1_Clean.csv_57,815.9090909090909,789.3846153846154,26.52447552447552
Zhang_2023_NI_Exp1_Clean.csv_58,668.75,692.3571428571429,-23.60714285714289
Zhang_2023_NI_Exp1_Clean.csv_59,777.7857142857143,798.7142857142857,-20.92857142857133
Zhang_2023_NI_Exp1_Clean.csv_60,767.2352941176471,797.5882352941177,-30.35294117647061
Zhang_2023_NI_Exp1_Clean.csv_61,710.9230769230769,741.3846153846154,-30.461538461538453
Zhang_2023_NI_Exp1_Clean.csv_63,577.2857142857143,561.4666666666667,15.819047619047637
Zhang_2023_NI_Exp1_Clean.csv_64,697.6428571428571,693.2857142857143,4.357142857142776
Zhang_2023_NI_Exp1_Clean.csv_65,766.5,684.2307692307693,82.26923076923072
Zhang_2023_NI_Exp1_Clean.csv_66,665.5384615384615,779.3076923076923,-113.76923076923072
Zhang_2023_NI_Exp1_Clean.csv_67,678.25,734.6111111111111,-56.361111111111086
Zhang_2023_NI_Exp1_Clean.csv_68,685,708.5294117647059,-23.529411764705856
Zhang_2023_NI_Exp1_Clean.csv_69,682.7333333333333,658.0714285714286,24.661904761904793
Zhang_2023_NI_Exp1_Clean.csv_70,659.6153846153846,643.1666666666666,16.448717948718013
Zhang_2023_NI_Exp1_Clean.csv_71,683.6923076923077,626.7272727272727,56.96503496503499
Zhang_2023_NI_Exp1_Clean.csv_72,675.25,644.1578947368421,31.09210526315792
Zhang_2023_NI_Exp1_Clean.csv_73,588.6428571428571,632.2,-43.557142857142935
Zhang_2023_NI_Exp1_Clean.csv_74,714.8,653.4,61.39999999999998
Zhang_2023_NI_Exp1_Clean.csv_76,678.0833333333334,838.7272727272727,-160.64393939393938
Zhang_2023_NI_Exp1_Clean.csv_77,676.4736842105264,754.7619047619048,-78.28822055137846
Zhang_2023_NI_Exp1_Clean.csv_79,681.6666666666666,705.6666666666666,-24
Zhang_2023_NI_Exp1_Clean.csv_81,838.75,831.1111111111111,7.638888888888914
Zhang_2023_NI_Exp1_Clean.csv_82,759.2307692307693,777.8461538461538,-18.615384615384528
Zhang_2023_NI_Exp1_Clean.csv_83,761.4166666666666,686.9166666666666,74.5
Zhang_2023_NI_Exp1_Clean.csv_84,676.6666666666666,630.7368421052631,45.92982456140351
Zhang_2023_NI_Exp1_Clean.csv_85,754.0588235294117,780.0588235294117,-26
Zhang_2023_NI_Exp1_Clean.csv_86,826.5714285714286,724.25,102.32142857142856
Zhang_2023_NI_Exp1_Clean.csv_87,684.6428571428571,712.4166666666666,-27.77380952380952
Zhang_2023_NI_Exp1_Clean.csv_88,646.6923076923077,647.9166666666666,-1.2243589743588927
Zhang_2023_NI_Exp1_Clean.csv_89,724.1538461538462,700.3076923076923,23.846153846153925
Zhang_2023_NI_Exp1_Clean.csv_90,780.1818181818181,750.8,29.381818181818176
Zhang_2023_NI_Exp1_Clean.csv_91,885.0833333333334,796.5833333333334,88.5
Zhang_2023_NI_Exp1_Clean.csv_92,745.2777777777778,723.8636363636364,21.414141414141454
Zhang_2023_NI_Exp1_Clean.csv_93,671.7142857142857,654.4285714285714,17.28571428571422
Zhang_2023_NI_Exp1_Clean.csv_94,773.7058823529412,823.1111111111111,-49.40522875816987
Zhang_2023_NI_Exp1_Clean.csv_95,798.3333333333334,771.1333333333333,27.200000000000045
Zhang_2023_NI_Exp1_Clean.csv_96,766.625,851.7058823529412,-85.08088235294122
Zhang_2023_NI_Exp1_Clean.csv_97,742.8,806.2857142857143,-63.48571428571438
Zhang_2023_NI_Exp1_Clean.csv_98,608.8333333333334,726.6470588235294,-117.81372549019602
Zhang_2023_NI_Exp1_Clean.csv_99,754.75,836.7142857142857,-81.96428571428567
