t_subj(Self.match.Bad).7304,1.000316469
,
v_subj(Other.mismatch.Good).7344,1.000007681
,
z_subj_trans.7324,1.000288921
,
v_subj(Self.match.Bad).7315,1.00021057
,
v_subj(Self.mismatch.Good).7334,1.000059221
,
v_subj(Other.match.Bad).7328,1.000031139
,
t_subj(Other.mismatch.Good).7338,0.999949643
,
t_subj(Self.match.Good).7308,1.00012462
,
t_subj(Other.mismatch.Bad).7332,0.999942022
,
t_subj(Self.match.Bad).7307,1.000042464
,
v_subj(Other.mismatch.Good).7306,1.000231097
,
v_subj(Other.match.Good).7335,1.000018475
,
v_subj(Self.match.Good).7316,0.999953714
,
v_subj(Other.match.Bad).7306,0.999900415
,
t_subj(Self.match.Good).73370,0.99990869
,
t_subj(Other.match.Bad).7323,1.000358662
,
t_subj(Self.mismatch.Bad).7318,1.000190361
,
t_subj(Other.mismatch.Bad).7305,0.999925613
,
t_subj(Other.match.Bad).7329,1.000124101
,
v_subj(Other.mismatch.Bad).7307,1.000013662
,
v_subj(Self.match.Bad).7308,1.000144114
,
t_subj(Self.mismatch.Bad).7316,1.000278743
,
t_subj(Self.match.Good).7310,1.000120912
,
v_subj(Other.match.Bad).7339,0.999963828
,
v_subj(Other.mismatch.Good).7317,1.000305245
,
v_subj(Other.match.Good).7328,1.000026136
,
t_subj(Self.match.Bad).7331,1.000134986
,
t_subj(Self.mismatch.Bad).7305,1.000037681
,
v_subj(Other.match.Bad).7304,0.999929975
,
t_subj(Self.match.Bad).7334,1.000058512
,
v_subj(Self.match.Good).7345,0.999931471
,
t_subj(Other.mismatch.Good).7328,1.000251686
,
t_subj(Self.match.Bad).7318,0.999970972
,
t_subj(Self.mismatch.Good).7344,1.000112075
,
v_subj(Other.mismatch.Bad).7310,1.000281382
,
t_subj(Other.match.Good).7345,1.000036011
,
v_subj(Self.match.Good).7323,1.00029076
,
v_subj(Other.match.Bad).7319,1.000176334
,
t_subj(Other.mismatch.Good).7331,0.999922408
,
t_subj(Self.mismatch.Bad).7340,1.000113982
,
v_subj(Other.match.Bad).7320,1.00005079
,
v_subj(Self.match.Good).7339,1.000310348
,
v_subj(Self.mismatch.Bad).7310,1.000015754
,
v_subj(Self.mismatch.Good).7323,1.000316624
,
t_subj(Other.mismatch.Bad).7316,1.000009413
,
v_subj(Other.match.Bad).7316,0.99992767
,
t_subj(Self.mismatch.Bad).7323,1.000265654
,
v_subj(Self.mismatch.Good).7335,0.999979281
,
t_subj(Self.mismatch.Bad).7329,1.000201326
,
t_subj(Other.match.Bad).7313,0.99993691
,
z_subj_trans.7306,0.999902063
,
t_subj(Other.mismatch.Good).7343,1.000426215
,
t_subj(Other.mismatch.Bad).7327,0.999982777
,
v_subj(Self.mismatch.Bad).7307,0.999959518
,
t_subj(Self.mismatch.Bad).7321,1.00006666
,
v_subj(Self.mismatch.Good).7314,1.000074505
,
v_subj(Other.mismatch.Bad).7339,1.000067508
,
v_subj(Other.mismatch.Bad).7327,0.999918665
,
v_subj(Self.match.Good).7331,0.999964087
,
v_subj(Self.match.Good).7337,1.000143619
,
z_subj_trans.7317,1.000311136
,
t_subj(Other.match.Bad).7307,1.00020876
,
v(Self.mismatch.Bad),1.00032806
,
v_subj(Self.match.Good).7324,0.999908309
,
t_subj(Other.match.Good).7328,1.000028473
,
z_subj_trans.7331,1.000192808
,
t_subj(Other.mismatch.Bad).7337,1.000019004
,
t_subj(Other.mismatch.Bad).7321,0.999980155
,
t_subj(Other.mismatch.Good).7316,1.000058375
,
v_subj(Other.mismatch.Good).7334,1.000076764
,
t_subj(Self.mismatch.Good).7336,1.000119587
,
t_subj(Other.match.Bad).7345,1.000150926
,
v_subj(Self.match.Bad).7306,0.999923044
,
v_subj(Self.match.Good).7343,1.000033983
,
v_subj(Other.match.Bad).7315,0.999989547
,
t_subj(Other.match.Bad).7340,1.000058375
,
v_subj(Other.mismatch.Good).7304,1.000012401
,
z_subj_trans.7338,1.000095532
,
v_subj(Self.mismatch.Good).7328,0.99994788
,
t_subj(Self.mismatch.Bad).7307,0.999913028
,
t_subj(Self.match.Good).7343,1.000159055
,
z_subj_trans.7314,1.000147706
,
t_subj(Self.match.Good).7338,1.000153476
,
v_subj(Self.match.Bad).7305,1.000220587
,
t_subj(Other.match.Bad).7316,0.999904024
,
t_subj(Other.match.Bad).7311,1.000121265
,
t_subj(Self.mismatch.Good).7327,0.999975094
,
z_subj_trans.7316,1.000179354
,
t_subj(Other.match.Good).7316,1.000205673
,
v_subj(Self.mismatch.Good).7325,1.000024671
,
a_subj.7338,1.000541569
,
v_subj(Other.match.Bad).7340,1.000197735
,
v_subj(Other.match.Good).7341,1.000009606
,
t_subj(Other.match.Good).7307,1.000103448
,
t_subj(Other.mismatch.Good).7319,1.000020805
,
z_subj_trans.7328,1.000261033
,
t_subj(Self.match.Good).7312,1.000046837
,
t_subj(Other.match.Good).7334,0.999901464
,
z_subj_trans.7343,1.00079464
,
v_subj(Self.mismatch.Bad).7344,1.000064774
,
a_subj.7320,1.00011747
,
v_subj(Other.match.Bad).7343,1.000067611
,
t_subj(Other.mismatch.Good).7344,1.000295924
,
t_subj(Other.match.Bad).7306,1.000162717
,
t_subj(Self.match.Good).7323,0.999968139
,
t_subj(Self.mismatch.Good).7338,1.000040812
,
v_subj(Self.match.Bad).7310,1.000235307
,
v_subj(Self.match.Good).7306,0.999911564
,
v_subj(Other.match.Good).7318,1.000015854
,
t_std,0.999988784
,
t_subj(Self.mismatch.Good).7319,0.999954351
,
a_subj.7337,1.000220554
,
v_subj(Other.match.Good).7316,1.000003263
,
z_subj_trans.7336,1.000639619
,
t_subj(Other.mismatch.Good).7307,1.000014108
,
v_subj(Other.mismatch.Good).7324,1.000001186
,
v_subj(Self.match.Bad).7320,0.999985106
,
a_subj.7314,1.000244996
,
v_subj(Other.mismatch.Bad).7341,0.999907887
,
a_subj.73370,1.000134325
,
t_subj(Other.mismatch.Bad).7317,0.999918972
,
v_subj(Self.match.Bad).7326,1.000171971
,
t_subj(Self.match.Bad).7341,0.999918347
,
v_subj(Self.mismatch.Good).7305,1.000128029
,
v(Self.match.Bad),0.999942526
,
t_subj(Self.mismatch.Bad).7337,0.999967795
,
v_subj(Other.mismatch.Good).7321,1.000080794
,
v_subj(Self.mismatch.Bad).7317,1.00014297
,
v_subj(Other.match.Good).7325,1.000007219
,
t_subj(Other.match.Good).7319,0.999894427
,
v_subj(Other.mismatch.Bad).7317,1.000163422
,
v_subj(Other.match.Good).7327,1.000117153
,
t_subj(Other.mismatch.Bad).7331,0.999929387
,
v_subj(Self.match.Bad).7336,1.000191206
,
t_subj(Other.match.Bad).7332,1.000167615
,
v_subj(Self.mismatch.Good).7319,1.000015795
,
t_subj(Self.mismatch.Good).7323,0.999946399
,
v_subj(Self.match.Bad).7343,1.000581765
,
t_subj(Other.match.Good).7344,1.000119219
,
t_subj(Other.mismatch.Good).7321,1.000081827
,
t_subj(Other.match.Good).7312,0.999963511
,
t_subj(Other.match.Bad).7333,1.00011531
,
v_subj(Self.mismatch.Bad).7327,1.000307827
,
t_subj(Other.match.Bad).7304,0.999948383
,
a_subj.7322,1.000014277
,
t_subj(Other.match.Good).7332,1.000078405
,
t_subj(Self.mismatch.Bad).7335,1.000104166
,
z_subj_trans.7308,1.000401726
,
v_subj(Self.match.Good).7327,0.999961826
,
v_subj(Other.match.Bad).7332,1.000142023
,
t_subj(Self.mismatch.Bad).7324,1.000198215
,
t_subj(Self.mismatch.Bad).7306,1.00024206
,
t_subj(Other.match.Good).7342,0.999970116
,
t_subj(Other.mismatch.Bad).7328,1.000095464
,
v_subj(Self.mismatch.Bad).7331,1.000191887
,
z_subj_trans.7326,1.000285191
,
v_subj(Self.match.Good).7342,0.999973626
,
v_subj(Other.mismatch.Good).7310,0.999948492
,
t_subj(Self.match.Bad).7315,0.99995374
,
t_subj(Self.mismatch.Good).7316,1.000209335
,
v_subj(Self.match.Bad).7341,1.000195001
,
a_subj.7319,1.000864131
,
v_subj(Other.mismatch.Bad).7345,1.000463467
,
t_subj(Self.match.Good).7319,0.999914518
,
v_subj(Self.match.Good).7319,1.000575809
,
v_subj(Self.mismatch.Bad).7329,1.000016085
,
t_subj(Self.match.Good).7337,1.000038423
,
t_subj(Self.match.Bad).7312,1.000343961
,
t_subj(Other.mismatch.Good).7314,1.000060165
,
t_subj(Other.mismatch.Good).7341,1.000023861
,
t_subj(Other.match.Bad).7322,1.000144655
,
v_subj(Self.mismatch.Bad).7313,1.000004267
,
t_subj(Other.mismatch.Bad).7333,0.999950571
,
v_subj(Other.match.Good).7340,1.000010648
,
v_subj(Other.mismatch.Good).7335,1.00010381
,
t_subj(Self.mismatch.Bad).7342,1.000109958
,
t_subj(Other.match.Good).7329,1.000050885
,
t_subj(Other.mismatch.Bad).7341,1.000153681
,
v_subj(Other.match.Bad).7322,1.000209903
,
v_subj(Other.match.Bad).7335,1.000048902
,
v_subj(Self.mismatch.Bad).7325,0.999908228
,
t_subj(Other.mismatch.Good).7326,1.000161018
,
t_subj(Other.mismatch.Bad).7338,1.000026166
,
v_subj(Self.match.Good).7307,1.00003984
,
v_subj(Other.match.Bad).7345,1.000100099
,
t_subj(Other.mismatch.Bad).7315,0.999896369
,
t_subj(Other.mismatch.Good).7305,0.999950618
,
t_subj(Other.match.Bad).7328,0.999910312
,
t_subj(Self.match.Bad).7345,0.999922279
,
v_subj(Self.match.Bad).7325,0.999926099
,
t_subj(Self.match.Bad).7313,1.000131178
,
v_subj(Other.mismatch.Good).7331,1.000006941
,
v_subj(Other.mismatch.Bad).7321,1.00000448
,
v_subj(Other.match.Bad).7318,1.000387818
,
v_subj(Self.mismatch.Bad).7311,1.000213635
,
a_subj.7344,0.999893083
,
z_subj_trans.7341,1.000104441
,
v_subj(Other.mismatch.Good).7311,1.000003871
,
t_subj(Other.mismatch.Good).7309,0.99996548
,
v_subj(Self.mismatch.Bad).7316,1.000229762
,
z_subj_trans.7322,1.000684544
,
a_subj.7334,1.000175144
,
v_subj(Other.mismatch.Bad).7319,1.00021376
,
v_subj(Self.match.Good).7335,1.000044738
,
v_subj(Self.mismatch.Good).7341,0.999989132
,
t_subj(Self.match.Good).7318,0.9999501
,
t_subj(Other.mismatch.Bad).7323,0.999984967
,
v_subj(Other.mismatch.Bad).7306,1.000895935
,
v_subj(Other.match.Bad).7312,0.999954246
,
v_subj(Other.match.Bad).7307,0.9999889
,
v_subj(Self.match.Good).7344,1.000114797
,
v_subj(Other.mismatch.Bad).7343,1.000571701
,
v_subj(Other.match.Bad).7331,1.000019454
,
v_subj(Other.match.Bad).7321,0.999970966
,
v_subj(Self.mismatch.Bad).7336,1.000089517
,
z_subj_trans.7327,1.000420249
,
v_subj(Self.mismatch.Bad).7320,0.999917958
,
v(Other.mismatch.Bad),1.000157429
,
t_subj(Self.match.Good).7331,1.000117788
,
t_subj(Other.match.Good).7331,1.000314917
,
v_subj(Self.match.Good).7332,1.000161362
,
v_subj(Other.match.Bad).7326,0.999978769
,
v_subj(Other.mismatch.Bad).7344,1.001000413
,
t_subj(Other.mismatch.Bad).7322,0.999991326
,
t_subj(Self.mismatch.Bad).7326,0.999988879
,
v_subj(Self.mismatch.Good).7345,0.999901986
,
z_subj_trans.7307,1.000014705
,
z_subj_trans.7325,1.000230971
,
t_subj(Other.mismatch.Good).7322,1.000204088
,
v_subj(Other.match.Good).7333,0.999986147
,
t_subj(Other.mismatch.Good).7329,1.000046295
,
v_subj(Other.match.Bad).7329,1.000022718
,
t_subj(Other.match.Bad).7324,0.99990733
,
v_subj(Self.mismatch.Good).7312,0.99997522
,
v_subj(Self.mismatch.Good).7320,1.000026491
,
v_subj(Other.mismatch.Good).7343,1.000278886
,
v_subj(Self.match.Bad).7309,0.999948876
,
t_subj(Other.mismatch.Good).7312,1.000187208
,
t_subj(Other.match.Bad).7326,1.000092156
,
v_subj(Other.match.Bad).7338,1.000044768
,
v_subj(Other.mismatch.Bad).7316,1.000234661
,
v_subj(Self.mismatch.Bad).7338,1.000326312
,
v_subj(Other.match.Good).7310,0.999928091
,
v_subj(Self.match.Good).7341,1.000118448
,
a_subj.7345,1.000052776
,
v_subj(Self.match.Good).7328,0.999940061
,
t_subj(Other.mismatch.Bad).7343,0.999931547
,
t_subj(Other.match.Good).7311,1.000293322
,
v_subj(Other.mismatch.Bad).7338,0.999959136
,
a_subj.7318,1.000214937
,
t_subj(Self.match.Good).7324,1.000228779
,
v_subj(Self.mismatch.Bad).7305,1.000016465
,
t_subj(Self.match.Bad).7306,0.999978122
,
t_subj(Other.mismatch.Good).7313,0.999954214
,
t_subj(Other.mismatch.Good).7318,0.999971418
,
t_subj(Other.mismatch.Bad).7340,0.999977156
,
t_subj(Other.match.Good).7305,1.000282626
,
t_subj(Other.mismatch.Bad).7339,1.000010531
,
v_subj(Other.mismatch.Good).7314,1.00006065
,
t_subj(Self.mismatch.Bad).7345,1.000099849
,
t_subj(Other.mismatch.Bad).7345,0.999968115
,
t(Self.mismatch.Good),1.000163214
,
v_subj(Other.mismatch.Good).7333,1.000369823
,
t_subj(Self.match.Good).7342,0.999951132
,
v_subj(Other.match.Good).7343,1.000187577
,
v_subj(Self.mismatch.Good).7310,1.000084705
,
t_subj(Other.match.Bad).7315,0.99994626
,
v_subj(Other.mismatch.Bad).7311,0.999987568
,
v_subj(Self.mismatch.Good).7304,1.000289653
,
t_subj(Other.mismatch.Good).7323,1.000215131
,
t_subj(Self.mismatch.Good).7340,0.999914587
,
t_subj(Self.match.Good).7314,1.00014156
,
v_subj(Self.mismatch.Bad).7342,1.000100899
,
t_subj(Other.mismatch.Good).7310,1.000300354
,
v_subj(Self.match.Bad).7322,0.999964363
,
t_subj(Other.mismatch.Bad).7307,1.000060548
,
t(Other.mismatch.Bad),1.000069727
,
t_subj(Other.match.Bad).7318,1.000352586
,
t_subj(Other.match.Bad).7334,1.000032203
,
v_subj(Other.match.Good).7307,0.999927738
,
a_subj.7327,1.000578276
,
v_subj(Self.match.Bad).7307,0.999906298
,
v_subj(Self.mismatch.Bad).7343,1.000615152
,
t_subj(Other.match.Good).7333,0.999906492
,
v_subj(Other.mismatch.Good).7320,0.999906817
,
t_subj(Self.match.Bad).7323,1.000301101
,
v_subj(Self.match.Bad).7321,0.999917028
,
v_subj(Other.mismatch.Bad).7308,0.999967832
,
t_subj(Self.mismatch.Bad).7308,0.999932085
,
v_subj(Other.mismatch.Good).73370,1.000141404
,
t_subj(Self.match.Bad).7344,1.000032275
,
v_subj(Self.mismatch.Good).7316,0.999896581
,
v_subj(Self.mismatch.Bad).7333,0.999992347
,
v_subj(Other.match.Bad).7336,1.000206611
,
v_subj(Other.match.Good).7336,0.999979275
,
v_subj(Self.mismatch.Bad).7314,1.000094784
,
v_subj(Self.match.Bad).7313,0.999919927
,
v_subj(Self.mismatch.Bad).7318,1.000024016
,
v_subj(Self.match.Bad).7324,0.99995381
,
t_subj(Self.mismatch.Good).7329,0.999959007
,
v_subj(Self.mismatch.Good).7342,1.000000441
,
v_subj(Other.mismatch.Bad).7315,1.000042784
,
v_subj(Other.mismatch.Bad).7309,1.000073613
,
v_subj(Self.match.Bad).7328,1.000053758
,
t_subj(Self.match.Bad).7336,1.000262948
,
a_subj.7340,1.000177854
,
v_subj(Self.match.Good).7318,0.999971334
,
v(Other.mismatch.Good),1.000108109
,
t_subj(Self.mismatch.Bad).7344,1.000288447
,
t_subj(Self.mismatch.Bad).7313,0.999927776
,
t_subj(Other.match.Good).7341,0.999964797
,
v_subj(Other.match.Good).7342,0.999936894
,
t_subj(Self.mismatch.Bad).7341,0.999979418
,
t_subj(Self.mismatch.Good).7328,0.999996256
,
a_subj.7306,1.000182279
,
v_subj(Self.mismatch.Bad).7306,0.999963097
,
z_subj_trans.7344,1.001068263
,
t_subj(Self.mismatch.Bad).7304,0.999961918
,
t_subj(Other.mismatch.Bad).7312,0.999944214
,
v_subj(Other.mismatch.Good).7332,1.000001096
,
v_subj(Self.mismatch.Good).7338,0.999928156
,
v_subj(Other.match.Good).7313,1.000116195
,
t_subj(Other.match.Good).7325,0.999966192
,
v_subj(Self.mismatch.Good).7321,0.999934397
,
v_subj(Self.mismatch.Good).7308,1.000200033
,
t_subj(Other.mismatch.Bad).7306,1.000103087
,
t_subj(Other.match.Good).7337,0.99998749
,
t_subj(Self.mismatch.Bad).7322,1.0001246
,
t_subj(Other.mismatch.Bad).7326,0.99994293
,
t_subj(Self.match.Bad).7322,1.000040975
,
t_subj(Self.match.Good).7317,1.000141546
,
t_subj(Other.match.Good).7308,1.000127813
,
v_subj(Other.mismatch.Bad).7335,0.999947396
,
t_subj(Other.mismatch.Good).7334,0.999909695
,
v_subj(Other.match.Bad).7313,0.999932544
,
v_subj(Self.match.Good).7317,0.999986618
,
v_subj(Other.mismatch.Good).7305,1.000085563
,
z_subj_trans.7340,1.000528237
,
z_subj_trans.73370,1.000174726
,
v_subj(Self.match.Bad).7337,0.999905296
,
a_subj.7339,1.000103862
,
t_subj(Other.match.Good).7338,1.000118458
,
t_subj(Self.match.Good).7305,1.000026367
,
v_subj(Other.match.Good).7329,1.000046718
,
v_subj(Self.match.Good).7325,0.999966085
,
v_subj(Self.mismatch.Good).7313,1.000074576
,
t_subj(Other.match.Good).7340,0.99990145
,
v_subj(Self.match.Good).7305,0.999977722
,
t_subj(Self.match.Bad).7320,0.999992961
,
v_subj(Other.match.Bad).73370,1.000070293
,
v_subj(Other.match.Bad).7333,0.999959924
,
v_subj(Self.mismatch.Bad).7328,1.000068153
,
t_subj(Other.match.Good).7317,0.999949609
,
t_subj(Self.mismatch.Good).7306,1.000009877
,
v_subj(Self.match.Good).7310,1.000066631
,
a_subj.7326,1.000073505
,
t_subj(Self.mismatch.Good).7311,0.99990822
,
v_subj(Other.match.Good).7305,1.00007318
,
v_subj(Other.mismatch.Good).7322,1.000120338
,
t_subj(Self.mismatch.Good).7339,1.00010875
,
v_subj(Other.match.Good).7323,1.000206637
,
v_subj(Self.mismatch.Good).7306,1.000297931
,
t_subj(Self.match.Good).7336,1.0000894
,
a_subj.7331,0.999938871
,
a_subj.7342,1.000014167
,
t(Self.match.Bad),1.000041002
,
t_subj(Self.mismatch.Good).7326,0.999999541
,
t_subj(Other.match.Good).7318,1.000384499
,
t_subj(Self.match.Good).7340,1.000021525
,
v_subj(Other.mismatch.Good).7341,0.999931064
,
a_subj.7315,1.000301427
,
v_subj(Other.match.Bad).7314,0.999930798
,
v_subj(Self.mismatch.Good).7318,1.000150545
,
v_subj(Other.match.Good).7332,0.999924759
,
t_subj(Self.match.Bad).7340,1.000241043
,
v_subj(Self.mismatch.Bad).7309,1.000041622
,
v_subj(Other.match.Bad).7305,1.000391544
,
t_subj(Self.match.Good).7327,0.999967435
,
v_subj(Other.mismatch.Good).7309,1.000056798
,
t_subj(Self.mismatch.Good).7341,1.000134782
,
v_subj(Self.mismatch.Good).7340,1.000255665
,
v_subj(Other.match.Bad).7317,1.000013646
,
v_subj(Self.mismatch.Bad).7323,1.000042807
,
a_subj.7316,1.000422094
,
v_subj(Other.match.Bad).7310,0.999898237
,
v_subj(Other.match.Good).7311,0.99990744
,
a_subj.7305,1.000000669
,
v_subj(Self.match.Bad).7316,0.999955075
,
t_subj(Other.match.Good).7343,1.000140497
,
z_std,1.000322537
,
v_subj(Self.mismatch.Bad).7339,0.999966082
,
v(Other.match.Good),0.999977621
,
a_subj.7329,1.00057706
,
t_subj(Other.match.Good).7324,0.999958437
,
t_subj(Other.match.Good).7304,1.000070485
,
v_subj(Other.match.Good).7337,1.000166061
,
v_subj(Self.mismatch.Bad).7341,0.999939885
,
v_subj(Other.mismatch.Bad).7337,1.000490123
,
t_subj(Self.mismatch.Bad).7317,1.000493576
,
t_subj(Self.match.Good).7316,1.000014198
,
v_subj(Self.mismatch.Bad).7319,1.000473088
,
t_subj(Self.match.Good).7311,0.999981282
,
v_subj(Self.mismatch.Bad).7324,1.000008459
,
t_subj(Self.match.Good).7325,1.000074551
,
t_subj(Other.match.Good).7309,1.000029507
,
t_subj(Self.mismatch.Good).7332,0.999932405
,
v_subj(Other.match.Bad).7311,0.999961604
,
t_subj(Self.mismatch.Good).7334,0.999908011
,
v_subj(Other.mismatch.Bad).7324,0.999967405
,
v_subj(Other.match.Good).7344,1.000814099
,
v_subj(Self.match.Good).7309,1.000011385
,
t(Self.match.Good),0.999998292
,
t_subj(Self.mismatch.Bad).7332,0.999987003
,
t_subj(Other.mismatch.Good).7339,1.000390956
,
z_subj_trans.7337,1.000061191
,
z_subj_trans.7318,1.000212949
,
v_subj(Other.mismatch.Good).7316,1.000306189
,
v_subj(Self.mismatch.Bad).7312,1.000253
,
v_subj(Other.mismatch.Good).7318,1.000112632
,
t_subj(Other.match.Good).7335,1.000083182
,
v_subj(Other.match.Good).7309,1.000176937
,
t_subj(Other.match.Bad).7339,1.000103061
,
t_subj(Self.match.Good).7334,0.999936018
,
z_subj_trans.7315,1.000111888
,
z_subj_trans.7312,1.000266334
,
t_subj(Other.match.Bad).7321,1.000378896
,
t_subj(Other.match.Bad).7336,1.000006417
,
v_subj(Other.match.Good).7312,0.999971148
,
v_subj(Self.mismatch.Good).7307,0.999983281
,
v_subj(Other.mismatch.Bad).7332,1.000239516
,
t_subj(Other.mismatch.Good).7336,0.999959364
,
v_subj(Self.mismatch.Good).7331,1.000224335
,
z_subj_trans.7305,1.000526568
,
t_subj(Self.match.Bad).7316,1.000039676
,
v_subj(Self.match.Good).7333,1.000182598
,
v_subj(Self.match.Bad).7317,0.999915662
,
v_subj(Self.match.Good).7304,1.000028292
,
v_subj(Other.mismatch.Bad).7322,1.000190666
,
v_subj(Other.match.Good).7320,1.000284386
,
v_subj(Other.mismatch.Good).7337,1.000143621
,
t_subj(Self.mismatch.Good).7342,0.999932157
,
v_subj(Other.match.Good).7322,0.999952937
,
t_subj(Other.mismatch.Good).7315,1.00006314
,
t_subj(Other.mismatch.Bad).7342,1.000030986
,
t_subj(Self.match.Bad).7308,1.000097899
,
v_subj(Self.match.Bad).7331,0.999904183
,
t_subj(Self.mismatch.Bad).7334,1.000561135
,
a_subj.7321,1.000163817
,
t_subj(Self.mismatch.Bad).7315,0.999891331
,
v_subj(Other.match.Good).7326,1.000008495
,
v_subj(Other.mismatch.Good).7326,1.000047246
,
t_subj(Self.match.Good).7307,1.00003996
,
t_subj(Other.mismatch.Bad).7329,0.999902574
,
v_subj(Self.match.Bad).7319,1.000032069
,
t_subj(Self.mismatch.Good).7314,1.000351463
,
v_subj(Self.mismatch.Good).7322,1.000359862
,
v_subj(Self.match.Bad).7339,1.000289611
,
t_subj(Self.match.Bad).7310,1.000307028
,
t_subj(Other.mismatch.Good).7325,0.999975625
,
a_subj.7333,1.000551759
,
v_subj(Self.match.Bad).7318,1.000114702
,
a_subj.7310,1.000861736
,
t_subj(Other.mismatch.Bad).7335,0.999993972
,
v_subj(Self.match.Good).73370,1.000360382
,
t_subj(Other.match.Good).73370,0.99999592
,
t_subj(Self.match.Good).7306,0.999983523
,
t_subj(Self.mismatch.Good).73370,1.000057767
,
v_subj(Self.mismatch.Bad).7334,1.000399859
,
t_subj(Self.match.Good).7328,1.000336966
,
z_subj_trans.7323,1.000772207
,
t_subj(Other.match.Bad).7341,1.000035722
,
t_subj(Self.match.Bad).7328,0.999928538
,
a_subj.7304,0.999918481
,
t_subj(Other.mismatch.Good).7337,1.000093721
,
v_subj(Self.match.Bad).7314,0.999997164
,
t_subj(Self.mismatch.Good).7324,1.000012562
,
t_subj(Self.match.Bad).73370,1.000038633
,
t_subj(Self.mismatch.Good).7310,1.000546468
,
t_subj(Other.mismatch.Bad).73370,0.999944821
,
v_subj(Self.match.Bad).7311,0.999927073
,
t(Other.match.Good),1.000122054
,
v_subj(Other.mismatch.Good).7328,1.000201824
,
z_subj_trans.7313,0.999919906
,
t_subj(Self.match.Good).7335,0.999939349
,
t_subj(Other.match.Good).7321,1.000002129
,
a_subj.7311,0.9999537
,
v_subj(Other.mismatch.Bad).7329,1.000176914
,
t_subj(Other.mismatch.Good).7317,0.999933384
,
v_subj(Other.mismatch.Good).7336,1.000106005
,
a_subj.7343,1.000343023
,
t_subj(Other.mismatch.Good).7327,1.000487608
,
v_subj(Self.match.Good).7320,1.000248169
,
v_subj(Other.match.Good).7321,1.000232502
,
z_subj_trans.7319,0.999935729
,
v_subj(Self.mismatch.Good).7315,0.99998079
,
v_subj(Self.mismatch.Good).7333,1.000129676
,
v_subj(Other.match.Good).7308,0.999999348
,
v_subj(Other.mismatch.Bad).7342,0.999935104
,
t_subj(Other.mismatch.Good).7342,0.99994235
,
t_subj(Other.mismatch.Good).7311,0.999992058
,
v_subj(Other.mismatch.Bad).7334,0.999916601
,
v_subj(Other.match.Good).7338,0.999890058
,
v_subj(Other.match.Bad).7324,0.999941479
,
t_subj(Other.match.Bad).7308,0.999944338
,
t_subj(Self.mismatch.Bad).7327,1.00003694
,
z_subj_trans.7310,1.0001674
,
t_subj(Other.mismatch.Good).7345,0.999952309
,
v_subj(Self.mismatch.Good).7336,1.000123006
,
t_subj(Self.mismatch.Good).7322,1.000130937
,
t_subj(Self.match.Bad).7332,1.000028576
,
t_subj(Self.mismatch.Good).7308,0.999989812
,
v_subj(Other.mismatch.Good).7338,0.999939502
,
t_subj(Other.mismatch.Bad).7325,1.000069974
,
t_subj(Self.match.Good).7333,0.999952443
,
t_subj(Self.mismatch.Good).7333,0.999925035
,
v_subj(Other.match.Bad).7334,0.999935756
,
v_subj(Self.match.Good).7314,1.000178722
,
t_subj(Self.match.Bad).7325,1.000585687
,
t_subj(Self.mismatch.Good).7325,0.999946242
,
v_subj(Self.mismatch.Good).7337,1.000221688
,
v(Other.match.Bad),1.000181789
,
v_subj(Self.match.Good).7329,0.999993263
,
t_subj(Self.match.Bad).7333,0.999962973
,
v_subj(Self.mismatch.Good).7324,1.000334912
,
t_subj(Other.mismatch.Bad).7308,1.000469104
,
t_subj(Other.match.Bad).7338,1.001002247
,
v_subj(Other.match.Bad).7309,1.000203664
,
a_std,0.999974987
,
t_subj(Self.mismatch.Bad).7333,1.000084405
,
v_subj(Other.match.Good).73370,0.999926458
,
v_subj(Other.mismatch.Good).7312,1.000126657
,
v_subj(Other.mismatch.Good).7313,0.999926491
,
t_subj(Self.mismatch.Good).7335,1.000005744
,
t_subj(Self.mismatch.Bad).7325,1.00009331
,
t_subj(Other.match.Bad).7319,1.000406969
,
t_subj(Other.mismatch.Good).7304,0.999977495
,
a_subj.7341,1.000853794
,
v_subj(Other.match.Good).7304,1.000155996
,
v_subj(Other.mismatch.Bad).73370,1.000220313
,
z_subj_trans.7321,0.999990996
,
t_subj(Other.mismatch.Bad).7320,1.000017977
,
z_subj_trans.7334,1.000351743
,
t_subj(Other.mismatch.Good).7340,1.000037081
,
t_subj(Self.match.Good).7313,0.999937753
,
t_subj(Self.match.Good).7315,0.999913042
,
t_subj(Other.mismatch.Good).7333,1.000075499
,
v_subj(Other.match.Good).7339,1.000117755
,
t_subj(Other.match.Bad).73370,1.000126147
,
t_subj(Self.mismatch.Good).7345,1.000094172
,
v_subj(Other.mismatch.Bad).7305,0.999959763
,
t_subj(Other.match.Good).7310,0.999957144
,
v_subj(Other.mismatch.Bad).7318,1.000153581
,
v_subj(Self.match.Bad).7342,1.000104483
,
v_subj(Self.match.Bad).7333,1.000079835
,
a_subj.7313,1.000239943
,
t(Other.match.Bad),0.999928933
,
t_subj(Other.match.Bad).7327,1.000291025
,
t_subj(Self.mismatch.Good).7318,0.999911358
,
z_trans,0.999970971
,
v_subj(Self.mismatch.Good).7332,0.999968291
,
v_subj(Self.mismatch.Good).7326,0.999943808
,
t_subj(Self.mismatch.Bad).7309,1.000106463
,
t_subj(Self.match.Good).7339,1.000067645
,
v(Self.mismatch.Good),1.000214047
,
t_subj(Other.mismatch.Bad).7318,1.000411787
,
a_subj.7307,1.000133226
,
t_subj(Self.mismatch.Bad).7319,1.00019534
,
t_subj(Self.match.Bad).7342,1.000212258
,
v_subj(Other.mismatch.Bad).7312,1.000307408
,
v(Self.match.Good),0.999967382
,
v_subj(Other.match.Good).7324,0.999990525
,
v_subj(Other.match.Good).7314,0.999927394
,
t_subj(Self.match.Bad).7326,1.000355992
,
t_subj(Other.match.Good).7339,0.999938807
,
t_subj(Self.match.Bad).7314,1.000395909
,
t_subj(Other.match.Bad).7331,0.999919158
,
v_subj(Other.mismatch.Bad).7336,1.000082924
,
v_subj(Other.mismatch.Bad).7328,0.999908464
,
v_subj(Self.mismatch.Good).7317,1.000034495
,
v_subj(Self.match.Bad).7345,1.000082748
,
v_subj(Other.match.Bad).7344,0.999994981
,
a_subj.7324,1.000393723
,
v_subj(Self.mismatch.Bad).73370,1.000073128
,
v_subj(Self.match.Good).7311,0.999942565
,
z_subj_trans.7342,1.000264463
,
v_subj(Other.match.Bad).7342,1.00018079
,
v_subj(Self.match.Good).7313,0.999982863
,
v_subj(Self.match.Good).7338,0.999980948
,
v_subj(Other.mismatch.Good).7345,1.000356291
,
v_subj(Other.mismatch.Good).7315,1.000163452
,
v_subj(Other.mismatch.Good).7342,0.999964313
,
a_subj.7328,0.999920599
,
t_subj(Self.mismatch.Good).7317,0.999926293
,
a,0.999932131
,
v_subj(Other.mismatch.Good).7329,1.000009217
,
t_subj(Self.mismatch.Bad).7311,1.000212877
,
t_subj(Self.mismatch.Bad).7328,1.000052032
,
t_subj(Self.mismatch.Bad).7312,1.00033919
,
v_subj(Other.mismatch.Bad).7331,0.999917381
,
t_subj(Self.match.Good).7326,0.999913539
,
t_subj(Self.mismatch.Good).7312,1.000099123
,
t_subj(Self.mismatch.Bad).73370,1.000154198
,
t_subj(Other.match.Good).7320,0.999903053
,
a_subj.7308,0.999931523
,
z_subj_trans.7309,1.000090704
,
v_subj(Other.match.Good).7317,0.9999058
,
a_subj.7335,1.000058657
,
v_subj(Other.mismatch.Good).7325,1.000379724
,
t_subj(Self.mismatch.Bad).7331,1.000432847
,
v_subj(Self.match.Bad).73370,0.999996632
,
v_subj(Other.match.Good).7319,1.000422496
,
z_subj_trans.7339,1.000177034
,
v_subj(Self.mismatch.Bad).7340,1.00039367
,
t_subj(Self.match.Good).7321,1.000449411
,
v_subj(Self.match.Good).7334,0.999982396
,
v_subj(Other.mismatch.Bad).7333,1.000652738
,
v_subj(Self.mismatch.Bad).7326,1.000174325
,
t_subj(Other.mismatch.Bad).7324,1.000097924
,
v_subj(Self.mismatch.Good).7311,0.99992836
,
v_subj(Other.match.Bad).7327,0.999892612
,
t_subj(Self.match.Bad).7305,0.999999151
,
z_subj_trans.7332,0.999953543
,
t_subj(Self.match.Bad).7339,1.000157166
,
z_subj_trans.7320,1.000105721
,
v_subj(Other.mismatch.Good).7319,1.000165426
,
a_subj.7325,1.000313262
,
t_subj(Self.mismatch.Good).7331,0.99998808
,
v_subj(Self.match.Bad).7323,1.000003191
,
z_subj_trans.7311,0.999944434
,
z_subj_trans.7335,1.000755994
,
v_subj(Self.match.Bad).7344,1.000071651
,
t_subj(Other.match.Bad).7317,1.000032209
,
v_subj(Other.mismatch.Bad).7326,0.999950724
,
a_subj.7312,1.000512281
,
v_subj(Other.mismatch.Bad).7323,0.999896098
,
v_subj(Self.mismatch.Bad).7322,1.000462379
,
t_subj(Self.mismatch.Bad).7339,1.000050626
,
v_subj(Other.match.Bad).7341,1.000014515
,
t_subj(Other.match.Bad).7310,1.000150944
,
t_subj(Self.mismatch.Bad).7320,1.000473567
,
t_subj(Other.match.Bad).7312,1.000021014
,
t_subj(Other.match.Good).7326,1.00004461
,
t_subj(Other.mismatch.Bad).7319,1.000040353
,
v_subj(Self.mismatch.Good).7343,1.000279262
,
v_std,1.000400879
,
a_subj.7336,0.999964285
,
v_subj(Self.mismatch.Good).7339,1.000072614
,
t_subj(Other.mismatch.Bad).7311,1.000075087
,
v_subj(Other.mismatch.Bad).7304,1.000620696
,
t_subj(Self.match.Good).7309,1.000035983
,
v_subj(Other.mismatch.Bad).7314,1.000105318
,
v_subj(Self.match.Good).7321,1.00002433
,
a_subj.7332,1.000020868
,
v_subj(Self.match.Good).7308,0.99992341
,
v_subj(Self.match.Bad).7340,1.000157242
,
z_subj_trans.7329,1.000001848
,
v_subj(Self.mismatch.Bad).7304,1.000465465
,
t_subj(Other.match.Bad).7305,1.000485135
,
t_subj(Other.mismatch.Good).7308,0.99994006
,
v_subj(Self.match.Bad).7304,1.000027807
,
z_subj_trans.7304,1.000501912
,
t_subj(Other.mismatch.Good).73370,0.999962442
,
v_subj(Other.match.Bad).7325,0.999928976
,
t_subj(Self.match.Bad).7319,1.000533495
,
t_subj(Self.mismatch.Good).7337,1.000023397
,
t_subj(Self.match.Good).7322,0.999965659
,
t_subj(Self.mismatch.Good).7304,1.000244298
,
v_subj(Other.match.Bad).7323,1.00015117
,
t_subj(Other.mismatch.Bad).7336,1.000078469
,
v_subj(Other.match.Good).7315,1.000434275
,
t_subj(Self.mismatch.Bad).7314,1.000000358
,
t_subj(Self.match.Good).7344,1.000387511
,
v_subj(Other.match.Good).7306,1.000013614
,
v_subj(Self.match.Good).7326,1.00029791
,
t_subj(Other.mismatch.Bad).7310,1.000740517
,
t_subj(Self.mismatch.Bad).7310,1.00038113
,
t_subj(Self.match.Bad).7337,1.000152087
,
v_subj(Other.match.Bad).7308,1.000183532
,
t_subj(Other.mismatch.Good).7324,0.999969837
,
t(Self.mismatch.Bad),1.000016714
,
z_subj_trans.7345,1.000157046
,
v_subj(Other.match.Good).7334,1.000104954
,
v_subj(Self.mismatch.Good).7309,0.999967829
,
v_subj(Other.match.Good).7331,1.000064922
,
v_subj(Self.mismatch.Good).7344,1.000069557
,
v_subj(Other.mismatch.Good).7307,0.99996135
,
t(Other.mismatch.Good),0.999971638
,
t_subj(Other.match.Good).7336,0.999934644
,
t_subj(Self.match.Bad).7311,1.000140087
,
v_subj(Self.mismatch.Bad).7332,1.000017337
,
v_subj(Self.match.Good).7336,1.000010543
,
v_subj(Other.mismatch.Good).7323,1.000043317
,
v_subj(Other.match.Bad).7337,1.000001481
,
t_subj(Other.match.Bad).7314,1.000139276
,
t_subj(Other.mismatch.Bad).7309,0.999991421
,
v_subj(Self.match.Bad).7334,0.999945313
,
t_subj(Self.match.Bad).7329,1.00023978
,
t_subj(Self.match.Bad).7343,1.00007782
,
v_subj(Self.match.Good).7315,1.000612739
,
z_subj_trans.7333,1.000463214
,
t_subj(Other.mismatch.Good).7332,1.000090873
,
t_subj(Self.match.Bad).7324,0.999916481
,
v_subj(Other.mismatch.Bad).7340,1.000202328
,
v_subj(Other.mismatch.Good).7327,1.000401905
,
t_subj(Self.match.Bad).7309,1.000201354
,
v_subj(Self.mismatch.Bad).7321,0.999969376
,
t_subj(Self.match.Good).7329,0.999904966
,
t_subj(Self.match.Bad).7321,1.000294587
,
t_subj(Other.match.Bad).7337,0.999911778
,
v_subj(Self.match.Good).7322,0.999978951
,
t_subj(Self.mismatch.Bad).7336,1.000000071
,
v_subj(Self.match.Bad).7312,1.00001237
,
v_subj(Self.mismatch.Bad).7315,1.000142197
,
v_subj(Other.mismatch.Good).7340,0.999938448
,
t_subj(Self.match.Good).7341,1.000004881
,
t_subj(Other.mismatch.Good).7306,0.999908117
,
v_subj(Other.mismatch.Bad).7325,1.000171874
,
t_subj(Self.mismatch.Good).7307,0.999893454
,
v_subj(Other.mismatch.Bad).7320,1.000227103
,
t_subj(Self.match.Good).7320,0.999905483
,
v_subj(Self.match.Bad).7338,1.000175614
,
t_subj(Other.mismatch.Good).7320,0.999941263
,
v_subj(Self.mismatch.Bad).7345,1.000164365
,
v_subj(Other.mismatch.Good).7308,1.000131802
,
v_subj(Self.match.Bad).7332,0.999997596
,
t_subj(Other.match.Good).7306,1.000192324
,
t_subj(Other.match.Good).7313,1.000006237
,
t_subj(Other.match.Bad).7344,0.999934852
,
v_subj(Other.mismatch.Bad).7313,0.999953184
,
t_subj(Other.mismatch.Bad).7344,1.000349443
,
v_subj(Self.mismatch.Good).73370,1.000012202
,
t_subj(Other.match.Bad).7325,1.000347212
,
t_subj(Self.mismatch.Good).7320,1.000180014
,
t_subj(Other.match.Good).7322,1.000170972
,
t_subj(Other.match.Bad).7335,0.999984771
,
v_subj(Self.mismatch.Bad).7308,0.999990332
,
t_subj(Self.match.Good).7304,1.000226391
,
t_subj(Other.match.Good).7314,1.000080529
,
t_subj(Self.mismatch.Bad).7338,1.000021556
,
v_subj(Self.match.Bad).7327,1.000120949
,
v_subj(Self.match.Bad).7329,1.000065333
,
t_subj(Self.match.Good).7345,1.000379261
,
t_subj(Other.match.Good).7315,1.000328937
,
t_subj(Other.mismatch.Bad).7313,1.000352973
,
v_subj(Self.match.Bad).7335,1.000411209
,
v_subj(Self.mismatch.Bad).7335,1.000241603
,
v_subj(Self.match.Good).7312,0.99994458
,
t_subj(Other.match.Good).7327,1.000246647
,
a_subj.7323,0.999900678
,
v_subj(Self.mismatch.Good).7327,0.999962333
,
t_subj(Self.mismatch.Good).7305,1.00038963
,
t_subj(Self.match.Good).7332,1.000553495
,
v_subj(Other.mismatch.Good).7339,1.000092184
,
t_subj(Other.mismatch.Bad).7314,1.000272382
,
t_subj(Other.match.Good).7323,1.000167496
,
v_subj(Other.match.Good).7345,0.999928854
,
t_subj(Other.match.Bad).7343,1.000048567
,
t_subj(Self.mismatch.Good).7315,1.000049166
,
v_subj(Self.mismatch.Bad).7337,1.000301578
,
t_subj(Other.mismatch.Bad).7304,0.999926909
,
t_subj(Self.mismatch.Good).7343,1.000660974
,
t_subj(Other.mismatch.Bad).7334,0.999928895
,
t_subj(Self.mismatch.Good).7309,0.999950814
,
a_subj.7317,0.999987435
,
t_subj(Other.match.Bad).7342,1.000123307
,
t_subj(Self.match.Bad).7335,1.00014299
,
t_subj(Other.match.Bad).7309,1.000008414
,
t_subj(Self.match.Bad).7317,1.000296304
,
t_subj(Self.match.Bad).7338,1.000093392
,
v_subj(Self.mismatch.Good).7329,1.000308157
,
v_subj(Self.match.Good).7340,1.000148121
,
t_subj(Self.match.Bad).7327,0.999969827
,
t_subj(Other.match.Bad).7320,0.999918186
,
t_subj(Self.mismatch.Good).7321,0.99989643
,
t_subj(Self.mismatch.Good).7313,0.99997992
,
a_subj.7309,1.000082261
,
t_subj(Self.mismatch.Bad).7343,1.00009119
,
t_subj(Other.mismatch.Good).7335,0.999958301
